admissionNo,firstName,lastName,classCode,guardianName,guardianRelation,guardianPhone,guardianEmail,academicYear
PAK00001,Rakesh,Desai,1-RUBY,"Bharat Mishra",Father,9765000001,bharat.mishra.1@paramountkasrawad.edu,2025-2026
PAK00002,Farhan,Reddy,1-RUBY,"Naresh Dhillon",Parent,9765000002,naresh.dhillon.2@paramountkasrawad.edu,2025-2026
PAK00003,Dhruv,Gupta,1-RUBY,"Naresh Kaur",Mother,9765000003,naresh.kaur.3@paramountkasrawad.edu,2025-2026
PAK00004,Ekta,Mishra,1-RUBY,"Arvind Sharma",Guardian,9765000004,arvind.sharma.4@paramountkasrawad.edu,2025-2026
PAK00005,Kavya,Deshmukh,1-RUBY,"Ashok Rao",Parent,9765000005,ashok.rao.5@paramountkasrawad.edu,2025-2026
PAK00006,Om,Chandel,1-RUBY,"Rekha Deshmukh",Parent,9765000006,rekha.deshmukh.6@paramountkasrawad.edu,2025-2026
PAK00007,Rohit,Mishra,1-RUBY,"Geeta Chandel",Mother,9765000007,geeta.chandel.7@paramountkasrawad.edu,2025-2026
PAK00008,Pooja,Shukla,1-RUBY,"Arvind More",Parent,9765000008,arvind.more.8@paramountkasrawad.edu,2025-2026
PAK00009,Sanskriti,Khanna,1-RUBY,"Deepa Bhat",Father,9765000009,deepa.bhat.9@paramountkasrawad.edu,2025-2026
PAK00010,Sneha,Pillai,1-RUBY,"Bharat Grewal",Parent,9765000010,bharat.grewal.10@paramountkasrawad.edu,2025-2026
PAK00011,Gaurav,Qureshi,1-RUBY,"Bharat Chandel",Guardian,9765000011,bharat.chandel.11@paramountkasrawad.edu,2025-2026
PAK00012,Neha,Chandel,1-RUBY,"Mahesh Rao",Guardian,9765000012,mahesh.rao.12@paramountkasrawad.edu,2025-2026
PAK00013,Divya,Arora,1-RUBY,"Kavita Gupta",Father,9765000013,kavita.gupta.13@paramountkasrawad.edu,2025-2026
PAK00014,Saloni,Chaurasia,1-RUBY,"Meena Arora",Parent,9765000014,meena.arora.14@paramountkasrawad.edu,2025-2026
PAK00015,Lakshmi,Mishra,1-RUBY,"Naresh Arora",Parent,9765000015,naresh.arora.15@paramountkasrawad.edu,2025-2026
PAK00016,Aarav,Arora,1-RUBY,"Anil Qureshi",Father,9765000016,anil.qureshi.16@paramountkasrawad.edu,2025-2026
PAK00017,Vijay,Trivedi,1-RUBY,"Meena Khan",Guardian,9765000017,meena.khan.17@paramountkasrawad.edu,2025-2026
PAK00018,Ajay,Khan,1-RUBY,"Bharat Malhotra",Parent,9765000018,bharat.malhotra.18@paramountkasrawad.edu,2025-2026
PAK00019,Nisha,Koshal,1-RUBY,"Jagdish Srivastava",Guardian,9765000019,jagdish.srivastava.19@paramountkasrawad.edu,2025-2026
PAK00020,Sanjeev,Bhat,1-RUBY,"Seema Upadhyay",Mother,9765000020,seema.upadhyay.20@paramountkasrawad.edu,2025-2026
PAK00021,Saloni,Deshmukh,1-RUBY,"Ashok Malhotra",Mother,9765000021,ashok.malhotra.21@paramountkasrawad.edu,2025-2026
PAK00022,Sneha,Deshmukh,1-RUBY,"Bharat Farooqui",Guardian,9765000022,bharat.farooqui.22@paramountkasrawad.edu,2025-2026
PAK00023,Neha,Yadav,1-RUBY,"Sanjeev Rajak",Guardian,9765000023,sanjeev.rajak.23@paramountkasrawad.edu,2025-2026
PAK00024,Gaurav,Naik,1-RUBY,"Vinod Qureshi",Father,9765000024,vinod.qureshi.24@paramountkasrawad.edu,2025-2026
PAK00025,Imran,Trivedi,1-RUBY,"Arvind Gaikwad",Mother,9765000025,arvind.gaikwad.25@paramountkasrawad.edu,2025-2026
PAK00026,Ajay,Farooqui,1-RUBY,"Pankaj Kumar",Father,9765000026,pankaj.kumar.26@paramountkasrawad.edu,2025-2026
PAK00027,Zara,Choudhary,1-RUBY,"Ashok Kaur",Mother,9765000027,ashok.kaur.27@paramountkasrawad.edu,2025-2026
PAK00028,Sanskriti,Shukla,1-RUBY,"Arvind Chandel",Parent,9765000028,arvind.chandel.28@paramountkasrawad.edu,2025-2026
PAK00029,Vaishnavi,Grewal,1-RUBY,"Umesh Sidhu",Mother,9765000029,umesh.sidhu.29@paramountkasrawad.edu,2025-2026
PAK00030,Om,Pillai,1-RUBY,"Priya Dubey",Mother,9765000030,priya.dubey.30@paramountkasrawad.edu,2025-2026
PAK00031,Bhoomika,Bhat,1-RUBY,"Gopal Trivedi",Parent,9765000031,gopal.trivedi.31@paramountkasrawad.edu,2025-2026
PAK00032,Sneha,Desai,1-RUBY,"Seema Dubey",Mother,9765000032,seema.dubey.32@paramountkasrawad.edu,2025-2026
PAK00033,Omkar,Naik,1-RUBY,"Rekha Choudhary",Guardian,9765000033,rekha.choudhary.33@paramountkasrawad.edu,2025-2026
PAK00034,Kavya,Soni,1-RUBY,"Meena Khatri",Parent,9765000034,meena.khatri.34@paramountkasrawad.edu,2025-2026
PAK00035,Mohit,More,1-RUBY,"Umesh Sharma",Father,9765000035,umesh.sharma.35@paramountkasrawad.edu,2025-2026
PAK00036,Anuj,Arora,1-DIAMOND,"Deepa Trivedi",Guardian,9765000036,deepa.trivedi.36@paramountkasrawad.edu,2025-2026
PAK00037,Keerat,Pandey,1-DIAMOND,"Kishore Choudhary",Parent,9765000037,kishore.choudhary.37@paramountkasrawad.edu,2025-2026
PAK00038,Yogesh,Soni,1-DIAMOND,"Deepa Kapoor",Guardian,9765000038,deepa.kapoor.38@paramountkasrawad.edu,2025-2026
PAK00039,Qadir,Trivedi,1-DIAMOND,"Savita Salve",Mother,9765000039,savita.salve.39@paramountkasrawad.edu,2025-2026
PAK00040,Imran,Mishra,1-DIAMOND,"Satish Grewal",Parent,9765000040,satish.grewal.40@paramountkasrawad.edu,2025-2026
PAK00041,Rakesh,Dubey,1-DIAMOND,"Harish Gaikwad",Parent,9765000041,harish.gaikwad.41@paramountkasrawad.edu,2025-2026
PAK00042,Radha,Chauhan,1-DIAMOND,"Mahesh Sharma",Parent,9765000042,mahesh.sharma.42@paramountkasrawad.edu,2025-2026
PAK00043,Sneha,Upadhyay,1-DIAMOND,"Umesh Mehta",Parent,9765000043,umesh.mehta.43@paramountkasrawad.edu,2025-2026
PAK00044,Yogesh,Deshmukh,1-DIAMOND,"Pankaj Farooqui",Guardian,9765000044,pankaj.farooqui.44@paramountkasrawad.edu,2025-2026
PAK00045,Namrata,Rao,1-DIAMOND,"Ashok Sharma",Mother,9765000045,ashok.sharma.45@paramountkasrawad.edu,2025-2026
PAK00046,Neha,Reddy,1-DIAMOND,"Geeta More",Parent,9765000046,geeta.more.46@paramountkasrawad.edu,2025-2026
PAK00047,Pooja,Dubey,1-DIAMOND,"Umesh Chandel",Father,9765000047,umesh.chandel.47@paramountkasrawad.edu,2025-2026
PAK00048,Deepak,Kaur,1-DIAMOND,"Deepa Joshi",Mother,9765000048,deepa.joshi.48@paramountkasrawad.edu,2025-2026
PAK00049,Uma,Mehta,1-DIAMOND,"Kavita Malhotra",Parent,9765000049,kavita.malhotra.49@paramountkasrawad.edu,2025-2026
PAK00050,Rakesh,Yadav,1-DIAMOND,"Kavita Singh",Mother,9765000050,kavita.singh.50@paramountkasrawad.edu,2025-2026
PAK00051,Bhoomika,Trivedi,1-DIAMOND,"Priya Patel",Mother,9765000051,priya.patel.51@paramountkasrawad.edu,2025-2026
PAK00052,Yogesh,Chauhan,1-DIAMOND,"Meena Soni",Mother,9765000052,meena.soni.52@paramountkasrawad.edu,2025-2026
PAK00053,Vijay,Soni,1-DIAMOND,"Suresh Arora",Mother,9765000053,suresh.arora.53@paramountkasrawad.edu,2025-2026
PAK00054,Pooja,Bhat,1-DIAMOND,"Suresh Koshal",Guardian,9765000054,suresh.koshal.54@paramountkasrawad.edu,2025-2026
PAK00055,Rahul,Yadav,1-DIAMOND,"Harish Trivedi",Parent,9765000055,harish.trivedi.55@paramountkasrawad.edu,2025-2026
PAK00056,Ajay,Kapoor,1-DIAMOND,"Ramesh Chandel",Guardian,9765000056,ramesh.chandel.56@paramountkasrawad.edu,2025-2026
PAK00057,Neha,Khan,1-DIAMOND,"Kavita Gaikwad",Guardian,9765000057,kavita.gaikwad.57@paramountkasrawad.edu,2025-2026
PAK00058,Radha,Patel,1-DIAMOND,"Jagdish Rajak",Father,9765000058,jagdish.rajak.58@paramountkasrawad.edu,2025-2026
PAK00059,Aryan,Sidhu,1-DIAMOND,"Harish Verma",Mother,9765000059,harish.verma.59@paramountkasrawad.edu,2025-2026
PAK00060,Aarav,Nair,1-DIAMOND,"Kavita Deshmukh",Father,9765000060,kavita.deshmukh.60@paramountkasrawad.edu,2025-2026
PAK00061,Radha,Chopra,1-DIAMOND,"Umesh Dhillon",Guardian,9765000061,umesh.dhillon.61@paramountkasrawad.edu,2025-2026
PAK00062,Chetan,Qureshi,1-DIAMOND,"Ramesh Singh",Mother,9765000062,ramesh.singh.62@paramountkasrawad.edu,2025-2026
PAK00063,Priya,Kumar,1-DIAMOND,"Mahesh Dubey",Parent,9765000063,mahesh.dubey.63@paramountkasrawad.edu,2025-2026
PAK00064,Omkar,More,1-DIAMOND,"Rajesh Koshal",Guardian,9765000064,rajesh.koshal.64@paramountkasrawad.edu,2025-2026
PAK00065,Zaid,Rao,1-DIAMOND,"Gopal Kaur",Guardian,9765000065,gopal.kaur.65@paramountkasrawad.edu,2025-2026
PAK00066,Sunita,Rao,1-DIAMOND,"Jagdish Pandey",Parent,9765000066,jagdish.pandey.66@paramountkasrawad.edu,2025-2026
PAK00067,Laxmi,Yadav,1-DIAMOND,"Naresh Singh",Father,9765000067,naresh.singh.67@paramountkasrawad.edu,2025-2026
PAK00068,Keerat,Kumar,1-DIAMOND,"Deepa Naik",Mother,9765000068,deepa.naik.68@paramountkasrawad.edu,2025-2026
PAK00069,Aarav,Upadhyay,1-DIAMOND,"Meena Joshi",Mother,9765000069,meena.joshi.69@paramountkasrawad.edu,2025-2026
PAK00070,Saloni,Koshal,1-DIAMOND,"Ashok Dubey",Parent,9765000070,ashok.dubey.70@paramountkasrawad.edu,2025-2026
PAK00071,Mohit,Srivastava,2-RUBY,"Umesh Mirza",Father,9765000071,umesh.mirza.71@paramountkasrawad.edu,2025-2026
PAK00072,Yash,Soni,2-RUBY,"Ramesh Qureshi",Parent,9765000072,ramesh.qureshi.72@paramountkasrawad.edu,2025-2026
PAK00073,Namrata,Kaur,2-RUBY,"Anil Chopra",Parent,9765000073,anil.chopra.73@paramountkasrawad.edu,2025-2026
PAK00074,Qadir,Tiwari,2-RUBY,"Pankaj Deshmukh",Mother,9765000074,pankaj.deshmukh.74@paramountkasrawad.edu,2025-2026
PAK00075,Aryan,Khan,2-RUBY,"Ashok Arora",Guardian,9765000075,ashok.arora.75@paramountkasrawad.edu,2025-2026
PAK00076,Aditya,Gaikwad,2-RUBY,"Suresh Shukla",Parent,9765000076,suresh.shukla.76@paramountkasrawad.edu,2025-2026
PAK00077,Kavya,Pandey,2-RUBY,"Bharat Shah",Mother,9765000077,bharat.shah.77@paramountkasrawad.edu,2025-2026
PAK00078,Om,Chandel,2-RUBY,"Arvind Qureshi",Father,9765000078,arvind.qureshi.78@paramountkasrawad.edu,2025-2026
PAK00079,Nisha,Shah,2-RUBY,"Nirmala Reddy",Parent,9765000079,nirmala.reddy.79@paramountkasrawad.edu,2025-2026
PAK00080,Ravi,Soni,2-RUBY,"Kavita Koshal",Parent,9765000080,kavita.koshal.80@paramountkasrawad.edu,2025-2026
PAK00081,Sonia,Sidhu,2-RUBY,"Umesh Sharma",Guardian,9765000081,umesh.sharma.81@paramountkasrawad.edu,2025-2026
PAK00082,Anjali,Shah,2-RUBY,"Umesh Sidhu",Father,9765000082,umesh.sidhu.82@paramountkasrawad.edu,2025-2026
PAK00083,Saloni,Verma,2-RUBY,"Satish Sharma",Mother,9765000083,satish.sharma.83@paramountkasrawad.edu,2025-2026
PAK00084,Vaishnavi,Dubey,2-RUBY,"Harish Shukla",Mother,9765000084,harish.shukla.84@paramountkasrawad.edu,2025-2026
PAK00085,Pooja,Tiwari,2-RUBY,"Suresh Chaurasia",Parent,9765000085,suresh.chaurasia.85@paramountkasrawad.edu,2025-2026
PAK00086,Imran,Sidhu,2-RUBY,"Kishore Chopra",Parent,9765000086,kishore.chopra.86@paramountkasrawad.edu,2025-2026
PAK00087,Aryan,Soni,2-RUBY,"Naresh Verma",Father,9765000087,naresh.verma.87@paramountkasrawad.edu,2025-2026
PAK00088,Omkar,Rajak,2-RUBY,"Jagdish Desai",Father,9765000088,jagdish.desai.88@paramountkasrawad.edu,2025-2026
PAK00089,Sanskriti,Choudhary,2-RUBY,"Deepa Mehta",Mother,9765000089,deepa.mehta.89@paramountkasrawad.edu,2025-2026
PAK00090,Omkar,Verma,2-RUBY,"Rekha Jadav",Parent,9765000090,rekha.jadav.90@paramountkasrawad.edu,2025-2026
PAK00091,Mona,Pillai,2-RUBY,"Nirmala Chandel",Mother,9765000091,nirmala.chandel.91@paramountkasrawad.edu,2025-2026
PAK00092,Ujjwal,Tiwari,2-RUBY,"Seema Verma",Mother,9765000092,seema.verma.92@paramountkasrawad.edu,2025-2026
PAK00093,Dhruv,Koshal,2-RUBY,"Savita Singh",Father,9765000093,savita.singh.93@paramountkasrawad.edu,2025-2026
PAK00094,Tarun,Malhotra,2-RUBY,"Savita Shah",Parent,9765000094,savita.shah.94@paramountkasrawad.edu,2025-2026
PAK00095,Ekta,Soni,2-RUBY,"Bharat Pillai",Guardian,9765000095,bharat.pillai.95@paramountkasrawad.edu,2025-2026
PAK00096,Laxmi,Saxena,2-RUBY,"Meena Rajput",Mother,9765000096,meena.rajput.96@paramountkasrawad.edu,2025-2026
PAK00097,Jagdish,Desai,2-RUBY,"Bharat Choudhary",Mother,9765000097,bharat.choudhary.97@paramountkasrawad.edu,2025-2026
PAK00098,Neha,Khatri,2-RUBY,"Meena Rajput",Father,9765000098,meena.rajput.98@paramountkasrawad.edu,2025-2026
PAK00099,Qadir,Saxena,2-RUBY,"Kavita Sharma",Parent,9765000099,kavita.sharma.99@paramountkasrawad.edu,2025-2026
PAK00100,Isha,Jadav,2-RUBY,"Harish Koshal",Guardian,9765000100,harish.koshal.100@paramountkasrawad.edu,2025-2026
PAK00101,Arjun,Desai,2-RUBY,"Umesh Khanna",Guardian,9765000101,umesh.khanna.101@paramountkasrawad.edu,2025-2026
PAK00102,Priya,Menon,2-RUBY,"Suresh Kumar",Parent,9765000102,suresh.kumar.102@paramountkasrawad.edu,2025-2026
PAK00103,Arjun,Menon,2-RUBY,"Geeta Rajput",Parent,9765000103,geeta.rajput.103@paramountkasrawad.edu,2025-2026
PAK00104,Anuj,Joshi,2-RUBY,"Rekha Khan",Guardian,9765000104,rekha.khan.104@paramountkasrawad.edu,2025-2026
PAK00105,Mona,Yadav,2-RUBY,"Deepa Pillai",Mother,9765000105,deepa.pillai.105@paramountkasrawad.edu,2025-2026
PAK00106,Mohit,Mishra,2-DIAMOND,"Jagdish Rajak",Mother,9765000106,jagdish.rajak.106@paramountkasrawad.edu,2025-2026
PAK00107,Bhoomika,Menon,2-DIAMOND,"Anil Choudhary",Father,9765000107,anil.choudhary.107@paramountkasrawad.edu,2025-2026
PAK00108,Divya,Farooqui,2-DIAMOND,"Rekha Khan",Parent,9765000108,rekha.khan.108@paramountkasrawad.edu,2025-2026
PAK00109,Ajay,Malhotra,2-DIAMOND,"Anil Singh",Father,9765000109,anil.singh.109@paramountkasrawad.edu,2025-2026
PAK00110,Bhavna,Nair,2-DIAMOND,"Rajesh Singh",Parent,9765000110,rajesh.singh.110@paramountkasrawad.edu,2025-2026
PAK00111,Ajay,Naik,2-DIAMOND,"Suresh Singh",Father,9765000111,suresh.singh.111@paramountkasrawad.edu,2025-2026
PAK00112,Aryan,Yadav,2-DIAMOND,"Jagdish Choudhary",Mother,9765000112,jagdish.choudhary.112@paramountkasrawad.edu,2025-2026
PAK00113,Anjali,Deshmukh,2-DIAMOND,"Gopal Deshmukh",Guardian,9765000113,gopal.deshmukh.113@paramountkasrawad.edu,2025-2026
PAK00114,Qadir,Kumar,2-DIAMOND,"Ashok Mishra",Guardian,9765000114,ashok.mishra.114@paramountkasrawad.edu,2025-2026
PAK00115,Uma,Nair,2-DIAMOND,"Kavita Menon",Guardian,9765000115,kavita.menon.115@paramountkasrawad.edu,2025-2026
PAK00116,Ajay,Upadhyay,2-DIAMOND,"Harish Pandey",Father,9765000116,harish.pandey.116@paramountkasrawad.edu,2025-2026
PAK00117,Vaishnavi,Sidhu,2-DIAMOND,"Meena Sharma",Father,9765000117,meena.sharma.117@paramountkasrawad.edu,2025-2026
PAK00118,Priya,Nair,2-DIAMOND,"Deepa Chandel",Father,9765000118,deepa.chandel.118@paramountkasrawad.edu,2025-2026
PAK00119,Dhruv,Tiwari,2-DIAMOND,"Priya Chopra",Parent,9765000119,priya.chopra.119@paramountkasrawad.edu,2025-2026
PAK00120,Uma,Dubey,2-DIAMOND,"Seema Farooqui",Mother,9765000120,seema.farooqui.120@paramountkasrawad.edu,2025-2026
PAK00121,Sanjeev,Menon,2-DIAMOND,"Deepa Desai",Parent,9765000121,deepa.desai.121@paramountkasrawad.edu,2025-2026
PAK00122,Mohit,Farooqui,2-DIAMOND,"Mahesh Khatri",Father,9765000122,mahesh.khatri.122@paramountkasrawad.edu,2025-2026
PAK00123,Bhoomika,Rao,2-DIAMOND,"Rekha Arora",Mother,9765000123,rekha.arora.123@paramountkasrawad.edu,2025-2026
PAK00124,Divya,Rajput,2-DIAMOND,"Meena Tiwari",Father,9765000124,meena.tiwari.124@paramountkasrawad.edu,2025-2026
PAK00125,Ajay,Grewal,2-DIAMOND,"Arvind Mehta",Mother,9765000125,arvind.mehta.125@paramountkasrawad.edu,2025-2026
PAK00126,Yogesh,Verma,2-DIAMOND,"Harish Rajput",Guardian,9765000126,harish.rajput.126@paramountkasrawad.edu,2025-2026
PAK00127,Tanvi,Chaurasia,2-DIAMOND,"Ashok Dhillon",Mother,9765000127,ashok.dhillon.127@paramountkasrawad.edu,2025-2026
PAK00128,Keerat,Rajput,2-DIAMOND,"Jagdish Shukla",Parent,9765000128,jagdish.shukla.128@paramountkasrawad.edu,2025-2026
PAK00129,Keerat,Dhillon,2-DIAMOND,"Savita Arora",Parent,9765000129,savita.arora.129@paramountkasrawad.edu,2025-2026
PAK00130,Nisha,Farooqui,2-DIAMOND,"Pankaj Sahu",Guardian,9765000130,pankaj.sahu.130@paramountkasrawad.edu,2025-2026
PAK00131,Chetan,Sahu,2-DIAMOND,"Umesh Dhillon",Mother,9765000131,umesh.dhillon.131@paramountkasrawad.edu,2025-2026
PAK00132,Mohit,Mehta,2-DIAMOND,"Rajesh Qureshi",Father,9765000132,rajesh.qureshi.132@paramountkasrawad.edu,2025-2026
PAK00133,Neha,Upadhyay,2-DIAMOND,"Rekha Sahu",Father,9765000133,rekha.sahu.133@paramountkasrawad.edu,2025-2026
PAK00134,Arjun,Pillai,2-DIAMOND,"Nirmala Pillai",Parent,9765000134,nirmala.pillai.134@paramountkasrawad.edu,2025-2026
PAK00135,Nisha,Khan,2-DIAMOND,"Priya Dhillon",Guardian,9765000135,priya.dhillon.135@paramountkasrawad.edu,2025-2026
PAK00136,Uma,Malhotra,2-DIAMOND,"Arvind Pandey",Parent,9765000136,arvind.pandey.136@paramountkasrawad.edu,2025-2026
PAK00137,Sanjay,Khan,2-DIAMOND,"Nirmala Chauhan",Mother,9765000137,nirmala.chauhan.137@paramountkasrawad.edu,2025-2026
PAK00138,Anuj,Chopra,2-DIAMOND,"Suresh Sharma",Parent,9765000138,suresh.sharma.138@paramountkasrawad.edu,2025-2026
PAK00139,Yogesh,Yadav,2-DIAMOND,"Ramesh Sharma",Father,9765000139,ramesh.sharma.139@paramountkasrawad.edu,2025-2026
PAK00140,Laxmi,Kumar,2-DIAMOND,"Ashok Sharma",Parent,9765000140,ashok.sharma.140@paramountkasrawad.edu,2025-2026
PAK00141,Vijay,Rajak,3-RUBY,"Umesh Saxena",Father,9765000141,umesh.saxena.141@paramountkasrawad.edu,2025-2026
PAK00142,Tarun,Choudhary,3-RUBY,"Satish More",Mother,9765000142,satish.more.142@paramountkasrawad.edu,2025-2026
PAK00143,Ajay,Kumar,3-RUBY,"Ashok Rao",Father,9765000143,ashok.rao.143@paramountkasrawad.edu,2025-2026
PAK00144,Aryan,Koshal,3-RUBY,"Ramesh Kaur",Father,9765000144,ramesh.kaur.144@paramountkasrawad.edu,2025-2026
PAK00145,Aarav,Reddy,3-RUBY,"Rekha Reddy",Parent,9765000145,rekha.reddy.145@paramountkasrawad.edu,2025-2026
PAK00146,Om,Reddy,3-RUBY,"Satish Tiwari",Father,9765000146,satish.tiwari.146@paramountkasrawad.edu,2025-2026
PAK00147,Laxmi,Khatri,3-RUBY,"Geeta Shukla",Father,9765000147,geeta.shukla.147@paramountkasrawad.edu,2025-2026
PAK00148,Anjali,Kumar,3-RUBY,"Sanjeev Bhat",Guardian,9765000148,sanjeev.bhat.148@paramountkasrawad.edu,2025-2026
PAK00149,Zaid,Kaur,3-RUBY,"Kavita Kaur",Parent,9765000149,kavita.kaur.149@paramountkasrawad.edu,2025-2026
PAK00150,Nisha,Soni,3-RUBY,"Umesh Nair",Father,9765000150,umesh.nair.150@paramountkasrawad.edu,2025-2026
PAK00151,Ajay,Saxena,3-RUBY,"Sanjeev Reddy",Guardian,9765000151,sanjeev.reddy.151@paramountkasrawad.edu,2025-2026
PAK00152,Deepak,Trivedi,3-RUBY,"Gopal Shah",Guardian,9765000152,gopal.shah.152@paramountkasrawad.edu,2025-2026
PAK00153,Arjun,Kaur,3-RUBY,"Seema Khan",Father,9765000153,seema.khan.153@paramountkasrawad.edu,2025-2026
PAK00154,Ravi,Farooqui,3-RUBY,"Harish Rajak",Father,9765000154,harish.rajak.154@paramountkasrawad.edu,2025-2026
PAK00155,Saloni,Rajak,3-RUBY,"Priya Rao",Father,9765000155,priya.rao.155@paramountkasrawad.edu,2025-2026
PAK00156,Rohit,Khatri,3-RUBY,"Mahesh Sidhu",Mother,9765000156,mahesh.sidhu.156@paramountkasrawad.edu,2025-2026
PAK00157,Rakesh,Salve,3-RUBY,"Gopal Shukla",Father,9765000157,gopal.shukla.157@paramountkasrawad.edu,2025-2026
PAK00158,Ravi,Pandey,3-RUBY,"Naresh Chauhan",Parent,9765000158,naresh.chauhan.158@paramountkasrawad.edu,2025-2026
PAK00159,Bhavna,Dubey,3-RUBY,"Vinod Mishra",Mother,9765000159,vinod.mishra.159@paramountkasrawad.edu,2025-2026
PAK00160,Rakesh,Malhotra,3-RUBY,"Vinod Jadav",Father,9765000160,vinod.jadav.160@paramountkasrawad.edu,2025-2026
PAK00161,Heena,Patel,3-RUBY,"Harish Koshal",Mother,9765000161,harish.koshal.161@paramountkasrawad.edu,2025-2026
PAK00162,Jatin,Deshmukh,3-RUBY,"Anil Pandey",Father,9765000162,anil.pandey.162@paramountkasrawad.edu,2025-2026
PAK00163,Tushar,Mirza,3-RUBY,"Kishore Kaur",Parent,9765000163,kishore.kaur.163@paramountkasrawad.edu,2025-2026
PAK00164,Jagdish,Chaurasia,3-RUBY,"Anil Gaikwad",Mother,9765000164,anil.gaikwad.164@paramountkasrawad.edu,2025-2026
PAK00165,Anjali,Rao,3-RUBY,"Geeta Sidhu",Parent,9765000165,geeta.sidhu.165@paramountkasrawad.edu,2025-2026
PAK00166,Nisha,Rao,3-RUBY,"Ashok Farooqui",Mother,9765000166,ashok.farooqui.166@paramountkasrawad.edu,2025-2026
PAK00167,Ekta,Khatri,3-RUBY,"Bharat Qureshi",Father,9765000167,bharat.qureshi.167@paramountkasrawad.edu,2025-2026
PAK00168,Amita,Mehta,3-RUBY,"Savita Kumar",Parent,9765000168,savita.kumar.168@paramountkasrawad.edu,2025-2026
PAK00169,Nisha,More,3-RUBY,"Suresh Chandel",Parent,9765000169,suresh.chandel.169@paramountkasrawad.edu,2025-2026
PAK00170,Rahul,Sharma,3-RUBY,"Ramesh Rajput",Father,9765000170,ramesh.rajput.170@paramountkasrawad.edu,2025-2026
PAK00171,Priya,Koshal,3-RUBY,"Sanjeev Tiwari",Father,9765000171,sanjeev.tiwari.171@paramountkasrawad.edu,2025-2026
PAK00172,Priya,Koshal,3-RUBY,"Meena Koshal",Parent,9765000172,meena.koshal.172@paramountkasrawad.edu,2025-2026
PAK00173,Ravi,Chaurasia,3-RUBY,"Seema Deshmukh",Parent,9765000173,seema.deshmukh.173@paramountkasrawad.edu,2025-2026
PAK00174,Namrata,Khatri,3-RUBY,"Rekha Deshmukh",Parent,9765000174,rekha.deshmukh.174@paramountkasrawad.edu,2025-2026
PAK00175,Vaishnavi,Grewal,3-RUBY,"Priya Mehta",Parent,9765000175,priya.mehta.175@paramountkasrawad.edu,2025-2026
PAK00176,Omkar,Shah,3-DIAMOND,"Bharat Singh",Mother,9765000176,bharat.singh.176@paramountkasrawad.edu,2025-2026
PAK00177,Sanjeev,Bhat,3-DIAMOND,"Kishore Chaurasia",Parent,9765000177,kishore.chaurasia.177@paramountkasrawad.edu,2025-2026
PAK00178,Tushar,Pandey,3-DIAMOND,"Gopal More",Guardian,9765000178,gopal.more.178@paramountkasrawad.edu,2025-2026
PAK00179,Radha,Arora,3-DIAMOND,"Mahesh Pandey",Father,9765000179,mahesh.pandey.179@paramountkasrawad.edu,2025-2026
PAK00180,Mohit,Rajak,3-DIAMOND,"Sanjeev Grewal",Mother,9765000180,sanjeev.grewal.180@paramountkasrawad.edu,2025-2026
PAK00181,Gaurav,Chaurasia,3-DIAMOND,"Naresh Srivastava",Father,9765000181,naresh.srivastava.181@paramountkasrawad.edu,2025-2026
PAK00182,Jagdish,Shah,3-DIAMOND,"Harish Chopra",Guardian,9765000182,harish.chopra.182@paramountkasrawad.edu,2025-2026
PAK00183,Sunita,Jadav,3-DIAMOND,"Pankaj Chaurasia",Father,9765000183,pankaj.chaurasia.183@paramountkasrawad.edu,2025-2026
PAK00184,Radha,Rajak,3-DIAMOND,"Satish Joshi",Parent,9765000184,satish.joshi.184@paramountkasrawad.edu,2025-2026
PAK00185,Vijay,Desai,3-DIAMOND,"Geeta Pandey",Father,9765000185,geeta.pandey.185@paramountkasrawad.edu,2025-2026
PAK00186,Uma,Shukla,3-DIAMOND,"Arvind Khanna",Mother,9765000186,arvind.khanna.186@paramountkasrawad.edu,2025-2026
PAK00187,Uma,Bhat,3-DIAMOND,"Suresh Khanna",Father,9765000187,suresh.khanna.187@paramountkasrawad.edu,2025-2026
PAK00188,Rakesh,Mishra,3-DIAMOND,"Naresh Shukla",Mother,9765000188,naresh.shukla.188@paramountkasrawad.edu,2025-2026
PAK00189,Alok,Joshi,3-DIAMOND,"Bharat Yadav",Guardian,9765000189,bharat.yadav.189@paramountkasrawad.edu,2025-2026
PAK00190,Jatin,Kumar,3-DIAMOND,"Kavita Mehta",Mother,9765000190,kavita.mehta.190@paramountkasrawad.edu,2025-2026
PAK00191,Sunita,Soni,3-DIAMOND,"Meena Kaur",Guardian,9765000191,meena.kaur.191@paramountkasrawad.edu,2025-2026
PAK00192,Bhavna,Soni,3-DIAMOND,"Suresh Saxena",Mother,9765000192,suresh.saxena.192@paramountkasrawad.edu,2025-2026
PAK00193,Nisha,Saxena,3-DIAMOND,"Suresh Sahu",Guardian,9765000193,suresh.sahu.193@paramountkasrawad.edu,2025-2026
PAK00194,Sneha,Khan,3-DIAMOND,"Geeta Bhat",Mother,9765000194,geeta.bhat.194@paramountkasrawad.edu,2025-2026
PAK00195,Arjun,Deshmukh,3-DIAMOND,"Umesh Sharma",Parent,9765000195,umesh.sharma.195@paramountkasrawad.edu,2025-2026
PAK00196,Qadir,Arora,3-DIAMOND,"Geeta Sidhu",Parent,9765000196,geeta.sidhu.196@paramountkasrawad.edu,2025-2026
PAK00197,Mohit,Mirza,3-DIAMOND,"Pankaj Verma",Guardian,9765000197,pankaj.verma.197@paramountkasrawad.edu,2025-2026
PAK00198,Aarav,Naik,3-DIAMOND,"Pankaj Sharma",Parent,9765000198,pankaj.sharma.198@paramountkasrawad.edu,2025-2026
PAK00199,Sneha,Patel,3-DIAMOND,"Rekha Mirza",Parent,9765000199,rekha.mirza.199@paramountkasrawad.edu,2025-2026
PAK00200,Gaurav,Khanna,3-DIAMOND,"Kishore Kaur",Parent,9765000200,kishore.kaur.200@paramountkasrawad.edu,2025-2026
PAK00201,Zara,Gaikwad,3-DIAMOND,"Jagdish Arora",Mother,9765000201,jagdish.arora.201@paramountkasrawad.edu,2025-2026
PAK00202,Rahul,Trivedi,3-DIAMOND,"Ramesh Kumar",Parent,9765000202,ramesh.kumar.202@paramountkasrawad.edu,2025-2026
PAK00203,Avni,Rajput,3-DIAMOND,"Ashok Arora",Parent,9765000203,ashok.arora.203@paramountkasrawad.edu,2025-2026
PAK00204,Ajay,Farooqui,3-DIAMOND,"Umesh Dubey",Guardian,9765000204,umesh.dubey.204@paramountkasrawad.edu,2025-2026
PAK00205,Divya,Shah,3-DIAMOND,"Kishore Choudhary",Guardian,9765000205,kishore.choudhary.205@paramountkasrawad.edu,2025-2026
PAK00206,Neha,Koshal,3-DIAMOND,"Meena Sidhu",Guardian,9765000206,meena.sidhu.206@paramountkasrawad.edu,2025-2026
PAK00207,Divya,Pillai,3-DIAMOND,"Seema Soni",Parent,9765000207,seema.soni.207@paramountkasrawad.edu,2025-2026
PAK00208,Ekta,Dhillon,3-DIAMOND,"Nirmala Rajak",Parent,9765000208,nirmala.rajak.208@paramountkasrawad.edu,2025-2026
PAK00209,Amita,Srivastava,3-DIAMOND,"Deepa Singh",Parent,9765000209,deepa.singh.209@paramountkasrawad.edu,2025-2026
PAK00210,Anuj,Mishra,3-DIAMOND,"Rekha Pillai",Parent,9765000210,rekha.pillai.210@paramountkasrawad.edu,2025-2026
PAK00211,Anjali,Mehta,4-RUBY,"Geeta Qureshi",Guardian,9765000211,geeta.qureshi.211@paramountkasrawad.edu,2025-2026
PAK00212,Chetan,Shukla,4-RUBY,"Geeta Kapoor",Parent,9765000212,geeta.kapoor.212@paramountkasrawad.edu,2025-2026
PAK00213,Dhruv,Mehta,4-RUBY,"Satish Sidhu",Guardian,9765000213,satish.sidhu.213@paramountkasrawad.edu,2025-2026
PAK00214,Neha,Shah,4-RUBY,"Geeta Gaikwad",Guardian,9765000214,geeta.gaikwad.214@paramountkasrawad.edu,2025-2026
PAK00215,Tushar,Rajak,4-RUBY,"Harish Jadav",Guardian,9765000215,harish.jadav.215@paramountkasrawad.edu,2025-2026
PAK00216,Heena,Qureshi,4-RUBY,"Naresh Khan",Guardian,9765000216,naresh.khan.216@paramountkasrawad.edu,2025-2026
PAK00217,Zara,Rajput,4-RUBY,"Savita Trivedi",Guardian,9765000217,savita.trivedi.217@paramountkasrawad.edu,2025-2026
PAK00218,Sanjay,Kumar,4-RUBY,"Gopal Desai",Guardian,9765000218,gopal.desai.218@paramountkasrawad.edu,2025-2026
PAK00219,Kartik,Verma,4-RUBY,"Geeta Singh",Guardian,9765000219,geeta.singh.219@paramountkasrawad.edu,2025-2026
PAK00220,Priya,Chopra,4-RUBY,"Jagdish Deshmukh",Father,9765000220,jagdish.deshmukh.220@paramountkasrawad.edu,2025-2026
PAK00221,Harsh,Kaur,4-RUBY,"Naresh Yadav",Father,9765000221,naresh.yadav.221@paramountkasrawad.edu,2025-2026
PAK00222,Kartik,Dubey,4-RUBY,"Umesh Chandel",Mother,9765000222,umesh.chandel.222@paramountkasrawad.edu,2025-2026
PAK00223,Om,Kaur,4-RUBY,"Savita Salve",Parent,9765000223,savita.salve.223@paramountkasrawad.edu,2025-2026
PAK00224,Om,Pillai,4-RUBY,"Seema Kapoor",Parent,9765000224,seema.kapoor.224@paramountkasrawad.edu,2025-2026
PAK00225,Anuj,Naik,4-RUBY,"Ashok Qureshi",Father,9765000225,ashok.qureshi.225@paramountkasrawad.edu,2025-2026
PAK00226,Uma,Malhotra,4-RUBY,"Mahesh Patel",Parent,9765000226,mahesh.patel.226@paramountkasrawad.edu,2025-2026
PAK00227,Deepak,Kapoor,4-RUBY,"Kavita Choudhary",Mother,9765000227,kavita.choudhary.227@paramountkasrawad.edu,2025-2026
PAK00228,Rakesh,Dhillon,4-RUBY,"Savita Singh",Father,9765000228,savita.singh.228@paramountkasrawad.edu,2025-2026
PAK00229,Pooja,Mirza,4-RUBY,"Geeta Rao",Father,9765000229,geeta.rao.229@paramountkasrawad.edu,2025-2026
PAK00230,Anuj,Desai,4-RUBY,"Meena Chaurasia",Father,9765000230,meena.chaurasia.230@paramountkasrawad.edu,2025-2026
PAK00231,Zaid,Grewal,4-RUBY,"Vinod Dubey",Father,9765000231,vinod.dubey.231@paramountkasrawad.edu,2025-2026
PAK00232,Sanskriti,Grewal,4-RUBY,"Seema Shah",Father,9765000232,seema.shah.232@paramountkasrawad.edu,2025-2026
PAK00233,Zaid,Saxena,4-RUBY,"Jagdish Chaurasia",Father,9765000233,jagdish.chaurasia.233@paramountkasrawad.edu,2025-2026
PAK00234,Deepak,Upadhyay,4-RUBY,"Rekha Menon",Father,9765000234,rekha.menon.234@paramountkasrawad.edu,2025-2026
PAK00235,Kavya,Saxena,4-RUBY,"Arvind Grewal",Mother,9765000235,arvind.grewal.235@paramountkasrawad.edu,2025-2026
PAK00236,Priya,Khatri,4-RUBY,"Kishore Pandey",Father,9765000236,kishore.pandey.236@paramountkasrawad.edu,2025-2026
PAK00237,Sanskriti,Arora,4-RUBY,"Kavita Mirza",Father,9765000237,kavita.mirza.237@paramountkasrawad.edu,2025-2026
PAK00238,Yogesh,Khan,4-RUBY,"Deepa Yadav",Guardian,9765000238,deepa.yadav.238@paramountkasrawad.edu,2025-2026
PAK00239,Kartik,Joshi,4-RUBY,"Anil Rajput",Father,9765000239,anil.rajput.239@paramountkasrawad.edu,2025-2026
PAK00240,Sunita,Dhillon,4-RUBY,"Bharat Mehta",Parent,9765000240,bharat.mehta.240@paramountkasrawad.edu,2025-2026
PAK00241,Avni,Malhotra,4-RUBY,"Umesh Tiwari",Guardian,9765000241,umesh.tiwari.241@paramountkasrawad.edu,2025-2026
PAK00242,Deepak,Gaikwad,4-RUBY,"Rekha Sharma",Guardian,9765000242,rekha.sharma.242@paramountkasrawad.edu,2025-2026
PAK00243,Kavya,Singh,4-RUBY,"Harish Rajput",Mother,9765000243,harish.rajput.243@paramountkasrawad.edu,2025-2026
PAK00244,Zaid,Koshal,4-RUBY,"Savita Chandel",Mother,9765000244,savita.chandel.244@paramountkasrawad.edu,2025-2026
PAK00245,Tanvi,Saxena,4-RUBY,"Rekha Verma",Guardian,9765000245,rekha.verma.245@paramountkasrawad.edu,2025-2026
PAK00246,Anuj,Reddy,4-DIAMOND,"Jagdish Desai",Guardian,9765000246,jagdish.desai.246@paramountkasrawad.edu,2025-2026
PAK00247,Lakshmi,Gaikwad,4-DIAMOND,"Suresh Salve",Parent,9765000247,suresh.salve.247@paramountkasrawad.edu,2025-2026
PAK00248,Harsh,Chandel,4-DIAMOND,"Mahesh Salve",Parent,9765000248,mahesh.salve.248@paramountkasrawad.edu,2025-2026
PAK00249,Sanskriti,Qureshi,4-DIAMOND,"Kishore Mehta",Father,9765000249,kishore.mehta.249@paramountkasrawad.edu,2025-2026
PAK00250,Omkar,Arora,4-DIAMOND,"Kishore Gaikwad",Father,9765000250,kishore.gaikwad.250@paramountkasrawad.edu,2025-2026
PAK00251,Kavya,Khatri,4-DIAMOND,"Ashok Farooqui",Parent,9765000251,ashok.farooqui.251@paramountkasrawad.edu,2025-2026
PAK00252,Jatin,Reddy,4-DIAMOND,"Vinod Gaikwad",Guardian,9765000252,vinod.gaikwad.252@paramountkasrawad.edu,2025-2026
PAK00253,Mona,Srivastava,4-DIAMOND,"Pankaj Gaikwad",Father,9765000253,pankaj.gaikwad.253@paramountkasrawad.edu,2025-2026
PAK00254,Bhavna,Upadhyay,4-DIAMOND,"Nirmala Sahu",Father,9765000254,nirmala.sahu.254@paramountkasrawad.edu,2025-2026
PAK00255,Waqar,Yadav,4-DIAMOND,"Anil Grewal",Guardian,9765000255,anil.grewal.255@paramountkasrawad.edu,2025-2026
PAK00256,Chetan,Khanna,4-DIAMOND,"Harish Sidhu",Father,9765000256,harish.sidhu.256@paramountkasrawad.edu,2025-2026
PAK00257,Anjali,Kapoor,4-DIAMOND,"Ashok Yadav",Father,9765000257,ashok.yadav.257@paramountkasrawad.edu,2025-2026
PAK00258,Anjali,Deshmukh,4-DIAMOND,"Rajesh Salve",Guardian,9765000258,rajesh.salve.258@paramountkasrawad.edu,2025-2026
PAK00259,Pooja,Chandel,4-DIAMOND,"Geeta Choudhary",Mother,9765000259,geeta.choudhary.259@paramountkasrawad.edu,2025-2026
PAK00260,Tanvi,Chaurasia,4-DIAMOND,"Bharat Khatri",Parent,9765000260,bharat.khatri.260@paramountkasrawad.edu,2025-2026
PAK00261,Priya,Menon,4-DIAMOND,"Ramesh Chauhan",Father,9765000261,ramesh.chauhan.261@paramountkasrawad.edu,2025-2026
PAK00262,Kavya,Jadav,4-DIAMOND,"Savita Rao",Parent,9765000262,savita.rao.262@paramountkasrawad.edu,2025-2026
PAK00263,Zara,Mehta,4-DIAMOND,"Bharat Chauhan",Guardian,9765000263,bharat.chauhan.263@paramountkasrawad.edu,2025-2026
PAK00264,Bhavna,Sharma,4-DIAMOND,"Pankaj Chandel",Father,9765000264,pankaj.chandel.264@paramountkasrawad.edu,2025-2026
PAK00265,Aarav,Gupta,4-DIAMOND,"Sanjeev Deshmukh",Guardian,9765000265,sanjeev.deshmukh.265@paramountkasrawad.edu,2025-2026
PAK00266,Uma,Saxena,4-DIAMOND,"Umesh Trivedi",Guardian,9765000266,umesh.trivedi.266@paramountkasrawad.edu,2025-2026
PAK00267,Arjun,Gupta,4-DIAMOND,"Suresh Singh",Guardian,9765000267,suresh.singh.267@paramountkasrawad.edu,2025-2026
PAK00268,Pinkesh,Rajput,4-DIAMOND,"Arvind Saxena",Parent,9765000268,arvind.saxena.268@paramountkasrawad.edu,2025-2026
PAK00269,Sunita,Kaur,4-DIAMOND,"Vinod Upadhyay",Guardian,9765000269,vinod.upadhyay.269@paramountkasrawad.edu,2025-2026
PAK00270,Aryan,Srivastava,4-DIAMOND,"Bharat Nair",Father,9765000270,bharat.nair.270@paramountkasrawad.edu,2025-2026
PAK00271,Ajay,Menon,4-DIAMOND,"Ashok Khatri",Parent,9765000271,ashok.khatri.271@paramountkasrawad.edu,2025-2026
PAK00272,Isha,Reddy,4-DIAMOND,"Naresh More",Mother,9765000272,naresh.more.272@paramountkasrawad.edu,2025-2026
PAK00273,Priya,Kapoor,4-DIAMOND,"Seema Arora",Guardian,9765000273,seema.arora.273@paramountkasrawad.edu,2025-2026
PAK00274,Sanjeev,Naik,4-DIAMOND,"Harish More",Parent,9765000274,harish.more.274@paramountkasrawad.edu,2025-2026
PAK00275,Mohit,Shah,4-DIAMOND,"Satish Grewal",Father,9765000275,satish.grewal.275@paramountkasrawad.edu,2025-2026
PAK00276,Ravi,Gupta,4-DIAMOND,"Savita Nair",Mother,9765000276,savita.nair.276@paramountkasrawad.edu,2025-2026
PAK00277,Zaid,Qureshi,4-DIAMOND,"Kavita Shah",Guardian,9765000277,kavita.shah.277@paramountkasrawad.edu,2025-2026
PAK00278,Radha,Deshmukh,4-DIAMOND,"Nirmala Srivastava",Father,9765000278,nirmala.srivastava.278@paramountkasrawad.edu,2025-2026
PAK00279,Ujjwal,Dubey,4-DIAMOND,"Meena Malhotra",Father,9765000279,meena.malhotra.279@paramountkasrawad.edu,2025-2026
PAK00280,Mohit,Malhotra,4-DIAMOND,"Vinod Gupta",Parent,9765000280,vinod.gupta.280@paramountkasrawad.edu,2025-2026
PAK00281,Omkar,Pillai,5-RUBY,"Priya Patel",Guardian,9765000281,priya.patel.281@paramountkasrawad.edu,2025-2026
PAK00282,Dhruv,Rajak,5-RUBY,"Seema Deshmukh",Mother,9765000282,seema.deshmukh.282@paramountkasrawad.edu,2025-2026
PAK00283,Amita,Srivastava,5-RUBY,"Suresh Chopra",Mother,9765000283,suresh.chopra.283@paramountkasrawad.edu,2025-2026
PAK00284,Yogesh,Verma,5-RUBY,"Ashok Khan",Father,9765000284,ashok.khan.284@paramountkasrawad.edu,2025-2026
PAK00285,Pooja,Arora,5-RUBY,"Kishore Kaur",Father,9765000285,kishore.kaur.285@paramountkasrawad.edu,2025-2026
PAK00286,Farhan,Kaur,5-RUBY,"Kavita Chaurasia",Guardian,9765000286,kavita.chaurasia.286@paramountkasrawad.edu,2025-2026
PAK00287,Dhruv,Jadav,5-RUBY,"Pankaj Reddy",Parent,9765000287,pankaj.reddy.287@paramountkasrawad.edu,2025-2026
PAK00288,Imran,Chandel,5-RUBY,"Sanjeev Chopra",Mother,9765000288,sanjeev.chopra.288@paramountkasrawad.edu,2025-2026
PAK00289,Zaid,Joshi,5-RUBY,"Kishore Pillai",Father,9765000289,kishore.pillai.289@paramountkasrawad.edu,2025-2026
PAK00290,Yogesh,Jadav,5-RUBY,"Kishore Chauhan",Father,9765000290,kishore.chauhan.290@paramountkasrawad.edu,2025-2026
PAK00291,Namrata,Kapoor,5-RUBY,"Priya Farooqui",Mother,9765000291,priya.farooqui.291@paramountkasrawad.edu,2025-2026
PAK00292,Omkar,Gupta,5-RUBY,"Harish More",Mother,9765000292,harish.more.292@paramountkasrawad.edu,2025-2026
PAK00293,Waqar,Joshi,5-RUBY,"Satish Koshal",Father,9765000293,satish.koshal.293@paramountkasrawad.edu,2025-2026
PAK00294,Sonia,Khatri,5-RUBY,"Geeta Gaikwad",Father,9765000294,geeta.gaikwad.294@paramountkasrawad.edu,2025-2026
PAK00295,Waqar,Gaikwad,5-RUBY,"Arvind Verma",Father,9765000295,arvind.verma.295@paramountkasrawad.edu,2025-2026
PAK00296,Farhan,Patel,5-RUBY,"Sanjeev Dubey",Father,9765000296,sanjeev.dubey.296@paramountkasrawad.edu,2025-2026
PAK00297,Aarav,Trivedi,5-RUBY,"Harish Singh",Father,9765000297,harish.singh.297@paramountkasrawad.edu,2025-2026
PAK00298,Vaishnavi,Rajput,5-RUBY,"Kavita Malhotra",Mother,9765000298,kavita.malhotra.298@paramountkasrawad.edu,2025-2026
PAK00299,Anjali,Salve,5-RUBY,"Geeta Rajput",Mother,9765000299,geeta.rajput.299@paramountkasrawad.edu,2025-2026
PAK00300,Rahul,Mishra,5-RUBY,"Vinod Nair",Mother,9765000300,vinod.nair.300@paramountkasrawad.edu,2025-2026
PAK00301,Qadir,Chauhan,5-RUBY,"Deepa Chaurasia",Mother,9765000301,deepa.chaurasia.301@paramountkasrawad.edu,2025-2026
PAK00302,Farhan,Kapoor,5-RUBY,"Ramesh Desai",Father,9765000302,ramesh.desai.302@paramountkasrawad.edu,2025-2026
PAK00303,Yash,Mirza,5-RUBY,"Ashok Kumar",Mother,9765000303,ashok.kumar.303@paramountkasrawad.edu,2025-2026
PAK00304,Zara,Bhat,5-RUBY,"Umesh Dhillon",Father,9765000304,umesh.dhillon.304@paramountkasrawad.edu,2025-2026
PAK00305,Arjun,Arora,5-RUBY,"Sanjeev Tiwari",Parent,9765000305,sanjeev.tiwari.305@paramountkasrawad.edu,2025-2026
PAK00306,Bhavna,Arora,5-RUBY,"Jagdish Mirza",Mother,9765000306,jagdish.mirza.306@paramountkasrawad.edu,2025-2026
PAK00307,Sanskriti,Pillai,5-RUBY,"Deepa Sidhu",Mother,9765000307,deepa.sidhu.307@paramountkasrawad.edu,2025-2026
PAK00308,Vijay,Saxena,5-RUBY,"Geeta Nair",Parent,9765000308,geeta.nair.308@paramountkasrawad.edu,2025-2026
PAK00309,Omkar,Chandel,5-RUBY,"Geeta Kumar",Mother,9765000309,geeta.kumar.309@paramountkasrawad.edu,2025-2026
PAK00310,Pooja,Rajak,5-RUBY,"Satish Jadav",Mother,9765000310,satish.jadav.310@paramountkasrawad.edu,2025-2026
PAK00311,Radha,Pandey,5-RUBY,"Satish Kumar",Father,9765000311,satish.kumar.311@paramountkasrawad.edu,2025-2026
PAK00312,Qadir,Kaur,5-RUBY,"Gopal Desai",Father,9765000312,gopal.desai.312@paramountkasrawad.edu,2025-2026
PAK00313,Farhan,Bhat,5-RUBY,"Bharat Reddy",Mother,9765000313,bharat.reddy.313@paramountkasrawad.edu,2025-2026
PAK00314,Heena,Kapoor,5-RUBY,"Gopal Trivedi",Mother,9765000314,gopal.trivedi.314@paramountkasrawad.edu,2025-2026
PAK00315,Deepak,Sharma,5-RUBY,"Kavita Farooqui",Guardian,9765000315,kavita.farooqui.315@paramountkasrawad.edu,2025-2026
PAK00316,Anjali,Shah,5-DIAMOND,"Jagdish Nair",Mother,9765000316,jagdish.nair.316@paramountkasrawad.edu,2025-2026
PAK00317,Namrata,Farooqui,5-DIAMOND,"Arvind Arora",Parent,9765000317,arvind.arora.317@paramountkasrawad.edu,2025-2026
PAK00318,Bhavna,Shukla,5-DIAMOND,"Sanjeev Pillai",Parent,9765000318,sanjeev.pillai.318@paramountkasrawad.edu,2025-2026
PAK00319,Pinkesh,Naik,5-DIAMOND,"Ashok Malhotra",Guardian,9765000319,ashok.malhotra.319@paramountkasrawad.edu,2025-2026
PAK00320,Nisha,Srivastava,5-DIAMOND,"Naresh Dhillon",Father,9765000320,naresh.dhillon.320@paramountkasrawad.edu,2025-2026
PAK00321,Dhruv,Kumar,5-DIAMOND,"Seema Shah",Mother,9765000321,seema.shah.321@paramountkasrawad.edu,2025-2026
PAK00322,Tarun,Gaikwad,5-DIAMOND,"Pankaj Sidhu",Father,9765000322,pankaj.sidhu.322@paramountkasrawad.edu,2025-2026
PAK00323,Tarun,Yadav,5-DIAMOND,"Ramesh Shah",Guardian,9765000323,ramesh.shah.323@paramountkasrawad.edu,2025-2026
PAK00324,Alok,Yadav,5-DIAMOND,"Bharat Trivedi",Father,9765000324,bharat.trivedi.324@paramountkasrawad.edu,2025-2026
PAK00325,Mona,Pandey,5-DIAMOND,"Priya Chaurasia",Parent,9765000325,priya.chaurasia.325@paramountkasrawad.edu,2025-2026
PAK00326,Rakesh,Reddy,5-DIAMOND,"Suresh Mirza",Father,9765000326,suresh.mirza.326@paramountkasrawad.edu,2025-2026
PAK00327,Chetan,Joshi,5-DIAMOND,"Deepa More",Father,9765000327,deepa.more.327@paramountkasrawad.edu,2025-2026
PAK00328,Amita,Khatri,5-DIAMOND,"Gopal Sahu",Parent,9765000328,gopal.sahu.328@paramountkasrawad.edu,2025-2026
PAK00329,Yash,Grewal,5-DIAMOND,"Suresh Menon",Father,9765000329,suresh.menon.329@paramountkasrawad.edu,2025-2026
PAK00330,Priya,Soni,5-DIAMOND,"Jagdish Shukla",Guardian,9765000330,jagdish.shukla.330@paramountkasrawad.edu,2025-2026
PAK00331,Om,Salve,5-DIAMOND,"Nirmala Chauhan",Guardian,9765000331,nirmala.chauhan.331@paramountkasrawad.edu,2025-2026
PAK00332,Rahul,Shukla,5-DIAMOND,"Satish Srivastava",Guardian,9765000332,satish.srivastava.332@paramountkasrawad.edu,2025-2026
PAK00333,Anuj,Kaur,5-DIAMOND,"Ashok Sharma",Parent,9765000333,ashok.sharma.333@paramountkasrawad.edu,2025-2026
PAK00334,Neha,Sidhu,5-DIAMOND,"Bharat Rajput",Guardian,9765000334,bharat.rajput.334@paramountkasrawad.edu,2025-2026
PAK00335,Ravi,Sahu,5-DIAMOND,"Kishore Yadav",Father,9765000335,kishore.yadav.335@paramountkasrawad.edu,2025-2026
PAK00336,Ekta,Rao,5-DIAMOND,"Bharat Arora",Mother,9765000336,bharat.arora.336@paramountkasrawad.edu,2025-2026
PAK00337,Sneha,Kumar,5-DIAMOND,"Anil Sidhu",Mother,9765000337,anil.sidhu.337@paramountkasrawad.edu,2025-2026
PAK00338,Kartik,Salve,5-DIAMOND,"Ashok Yadav",Mother,9765000338,ashok.yadav.338@paramountkasrawad.edu,2025-2026
PAK00339,Dhruv,Naik,5-DIAMOND,"Kavita Choudhary",Parent,9765000339,kavita.choudhary.339@paramountkasrawad.edu,2025-2026
PAK00340,Qadir,Deshmukh,5-DIAMOND,"Ashok More",Guardian,9765000340,ashok.more.340@paramountkasrawad.edu,2025-2026
PAK00341,Sanjay,Salve,5-DIAMOND,"Priya Jadav",Parent,9765000341,priya.jadav.341@paramountkasrawad.edu,2025-2026
PAK00342,Sunita,Khatri,5-DIAMOND,"Pankaj Tiwari",Mother,9765000342,pankaj.tiwari.342@paramountkasrawad.edu,2025-2026
PAK00343,Yash,Rao,5-DIAMOND,"Satish Pillai",Parent,9765000343,satish.pillai.343@paramountkasrawad.edu,2025-2026
PAK00344,Ravi,Grewal,5-DIAMOND,"Gopal Joshi",Guardian,9765000344,gopal.joshi.344@paramountkasrawad.edu,2025-2026
PAK00345,Sanjay,Salve,5-DIAMOND,"Deepa Gaikwad",Mother,9765000345,deepa.gaikwad.345@paramountkasrawad.edu,2025-2026
PAK00346,Aryan,Khanna,5-DIAMOND,"Harish Desai",Guardian,9765000346,harish.desai.346@paramountkasrawad.edu,2025-2026
PAK00347,Anjali,Patel,5-DIAMOND,"Pankaj Menon",Guardian,9765000347,pankaj.menon.347@paramountkasrawad.edu,2025-2026
PAK00348,Ajay,Shah,5-DIAMOND,"Satish Soni",Guardian,9765000348,satish.soni.348@paramountkasrawad.edu,2025-2026
PAK00349,Amita,Farooqui,5-DIAMOND,"Deepa Rajput",Guardian,9765000349,deepa.rajput.349@paramountkasrawad.edu,2025-2026
PAK00350,Om,Saxena,5-DIAMOND,"Rekha Jadav",Father,9765000350,rekha.jadav.350@paramountkasrawad.edu,2025-2026
PAK00351,Jatin,Trivedi,6-RUBY,"Satish Arora",Parent,9765000351,satish.arora.351@paramountkasrawad.edu,2025-2026
PAK00352,Aarav,Pandey,6-RUBY,"Kishore Verma",Parent,9765000352,kishore.verma.352@paramountkasrawad.edu,2025-2026
PAK00353,Keerat,Chaurasia,6-RUBY,"Mahesh Khanna",Father,9765000353,mahesh.khanna.353@paramountkasrawad.edu,2025-2026
PAK00354,Imran,Choudhary,6-RUBY,"Harish Chopra",Parent,9765000354,harish.chopra.354@paramountkasrawad.edu,2025-2026
PAK00355,Uma,Mehta,6-RUBY,"Kavita Pillai",Mother,9765000355,kavita.pillai.355@paramountkasrawad.edu,2025-2026
PAK00356,Om,Patel,6-RUBY,"Meena Reddy",Parent,9765000356,meena.reddy.356@paramountkasrawad.edu,2025-2026
PAK00357,Imran,Rajput,6-RUBY,"Vinod Verma",Father,9765000357,vinod.verma.357@paramountkasrawad.edu,2025-2026
PAK00358,Bhavna,Shukla,6-RUBY,"Pankaj Reddy",Guardian,9765000358,pankaj.reddy.358@paramountkasrawad.edu,2025-2026
PAK00359,Lakshmi,Koshal,6-RUBY,"Savita Chandel",Mother,9765000359,savita.chandel.359@paramountkasrawad.edu,2025-2026
PAK00360,Aarav,Shah,6-RUBY,"Sanjeev Mehta",Father,9765000360,sanjeev.mehta.360@paramountkasrawad.edu,2025-2026
PAK00361,Kartik,Mirza,6-RUBY,"Priya Mirza",Mother,9765000361,priya.mirza.361@paramountkasrawad.edu,2025-2026
PAK00362,Vijay,Pandey,6-RUBY,"Deepa Naik",Father,9765000362,deepa.naik.362@paramountkasrawad.edu,2025-2026
PAK00363,Keerat,Desai,6-RUBY,"Rajesh Farooqui",Mother,9765000363,rajesh.farooqui.363@paramountkasrawad.edu,2025-2026
PAK00364,Sanjeev,Chauhan,6-RUBY,"Meena Grewal",Father,9765000364,meena.grewal.364@paramountkasrawad.edu,2025-2026
PAK00365,Neha,More,6-RUBY,"Pankaj Pandey",Mother,9765000365,pankaj.pandey.365@paramountkasrawad.edu,2025-2026
PAK00366,Mona,Qureshi,6-RUBY,"Jagdish Khatri",Mother,9765000366,jagdish.khatri.366@paramountkasrawad.edu,2025-2026
PAK00367,Sanjay,Sidhu,6-RUBY,"Vinod Nair",Mother,9765000367,vinod.nair.367@paramountkasrawad.edu,2025-2026
PAK00368,Tushar,Chaurasia,6-RUBY,"Naresh Rajput",Father,9765000368,naresh.rajput.368@paramountkasrawad.edu,2025-2026
PAK00369,Pooja,Rajak,6-RUBY,"Arvind Mirza",Father,9765000369,arvind.mirza.369@paramountkasrawad.edu,2025-2026
PAK00370,Harsh,Reddy,6-RUBY,"Priya Naik",Guardian,9765000370,priya.naik.370@paramountkasrawad.edu,2025-2026
PAK00371,Waqar,Kapoor,6-RUBY,"Nirmala Kumar",Guardian,9765000371,nirmala.kumar.371@paramountkasrawad.edu,2025-2026
PAK00372,Uma,Tiwari,6-RUBY,"Arvind Desai",Parent,9765000372,arvind.desai.372@paramountkasrawad.edu,2025-2026
PAK00373,Farhan,Jadav,6-RUBY,"Satish Chopra",Mother,9765000373,satish.chopra.373@paramountkasrawad.edu,2025-2026
PAK00374,Omkar,Desai,6-RUBY,"Bharat Soni",Guardian,9765000374,bharat.soni.374@paramountkasrawad.edu,2025-2026
PAK00375,Rakesh,Nair,6-RUBY,"Sanjeev Yadav",Mother,9765000375,sanjeev.yadav.375@paramountkasrawad.edu,2025-2026
PAK00376,Tushar,Mishra,6-RUBY,"Ashok Mirza",Father,9765000376,ashok.mirza.376@paramountkasrawad.edu,2025-2026
PAK00377,Sanjay,Chandel,6-RUBY,"Sanjeev Shukla",Guardian,9765000377,sanjeev.shukla.377@paramountkasrawad.edu,2025-2026
PAK00378,Kartik,Kapoor,6-RUBY,"Pankaj Trivedi",Mother,9765000378,pankaj.trivedi.378@paramountkasrawad.edu,2025-2026
PAK00379,Waqar,Chandel,6-RUBY,"Kavita Soni",Parent,9765000379,kavita.soni.379@paramountkasrawad.edu,2025-2026
PAK00380,Gaurav,Singh,6-RUBY,"Suresh Bhat",Guardian,9765000380,suresh.bhat.380@paramountkasrawad.edu,2025-2026
PAK00381,Bhoomika,Patel,6-RUBY,"Rekha Srivastava",Parent,9765000381,rekha.srivastava.381@paramountkasrawad.edu,2025-2026
PAK00382,Imran,Nair,6-RUBY,"Nirmala Trivedi",Parent,9765000382,nirmala.trivedi.382@paramountkasrawad.edu,2025-2026
PAK00383,Jagdish,Sidhu,6-RUBY,"Nirmala Chopra",Father,9765000383,nirmala.chopra.383@paramountkasrawad.edu,2025-2026
PAK00384,Dhruv,More,6-RUBY,"Vinod Nair",Father,9765000384,vinod.nair.384@paramountkasrawad.edu,2025-2026
PAK00385,Dhruv,Naik,6-RUBY,"Deepa Kumar",Guardian,9765000385,deepa.kumar.385@paramountkasrawad.edu,2025-2026
PAK00386,Radha,Gaikwad,6-DIAMOND,"Seema Bhat",Father,9765000386,seema.bhat.386@paramountkasrawad.edu,2025-2026
PAK00387,Aarav,Pandey,6-DIAMOND,"Anil Upadhyay",Parent,9765000387,anil.upadhyay.387@paramountkasrawad.edu,2025-2026
PAK00388,Avni,Kaur,6-DIAMOND,"Savita Verma",Father,9765000388,savita.verma.388@paramountkasrawad.edu,2025-2026
PAK00389,Tushar,Sharma,6-DIAMOND,"Ramesh Deshmukh",Father,9765000389,ramesh.deshmukh.389@paramountkasrawad.edu,2025-2026
PAK00390,Anjali,Mishra,6-DIAMOND,"Harish Sidhu",Guardian,9765000390,harish.sidhu.390@paramountkasrawad.edu,2025-2026
PAK00391,Sanjay,Singh,6-DIAMOND,"Kavita Yadav",Mother,9765000391,kavita.yadav.391@paramountkasrawad.edu,2025-2026
PAK00392,Qadir,Kumar,6-DIAMOND,"Harish Dubey",Father,9765000392,harish.dubey.392@paramountkasrawad.edu,2025-2026
PAK00393,Aryan,Rao,6-DIAMOND,"Naresh Sahu",Parent,9765000393,naresh.sahu.393@paramountkasrawad.edu,2025-2026
PAK00394,Sanjay,Sharma,6-DIAMOND,"Pankaj Farooqui",Parent,9765000394,pankaj.farooqui.394@paramountkasrawad.edu,2025-2026
PAK00395,Vijay,Rajput,6-DIAMOND,"Arvind Khanna",Father,9765000395,arvind.khanna.395@paramountkasrawad.edu,2025-2026
PAK00396,Kartik,Tiwari,6-DIAMOND,"Arvind Khatri",Guardian,9765000396,arvind.khatri.396@paramountkasrawad.edu,2025-2026
PAK00397,Arjun,Upadhyay,6-DIAMOND,"Arvind Jadav",Mother,9765000397,arvind.jadav.397@paramountkasrawad.edu,2025-2026
PAK00398,Aryan,Grewal,6-DIAMOND,"Anil Qureshi",Mother,9765000398,anil.qureshi.398@paramountkasrawad.edu,2025-2026
PAK00399,Saloni,Bhat,6-DIAMOND,"Ramesh Sahu",Father,9765000399,ramesh.sahu.399@paramountkasrawad.edu,2025-2026
PAK00400,Avni,Joshi,6-DIAMOND,"Suresh Khanna",Mother,9765000400,suresh.khanna.400@paramountkasrawad.edu,2025-2026
PAK00401,Gaurav,Upadhyay,6-DIAMOND,"Anil Upadhyay",Parent,9765000401,anil.upadhyay.401@paramountkasrawad.edu,2025-2026
PAK00402,Amita,Sidhu,6-DIAMOND,"Vinod Sharma",Parent,9765000402,vinod.sharma.402@paramountkasrawad.edu,2025-2026
PAK00403,Rohit,Koshal,6-DIAMOND,"Umesh Nair",Father,9765000403,umesh.nair.403@paramountkasrawad.edu,2025-2026
PAK00404,Bhavna,Rajput,6-DIAMOND,"Geeta Joshi",Guardian,9765000404,geeta.joshi.404@paramountkasrawad.edu,2025-2026
PAK00405,Nisha,Salve,6-DIAMOND,"Suresh Upadhyay",Father,9765000405,suresh.upadhyay.405@paramountkasrawad.edu,2025-2026
PAK00406,Vaishnavi,Bhat,6-DIAMOND,"Harish Kapoor",Father,9765000406,harish.kapoor.406@paramountkasrawad.edu,2025-2026
PAK00407,Arjun,Bhat,6-DIAMOND,"Ramesh Chandel",Mother,9765000407,ramesh.chandel.407@paramountkasrawad.edu,2025-2026
PAK00408,Avni,Tiwari,6-DIAMOND,"Ashok Mehta",Mother,9765000408,ashok.mehta.408@paramountkasrawad.edu,2025-2026
PAK00409,Gaurav,Jadav,6-DIAMOND,"Gopal Saxena",Guardian,9765000409,gopal.saxena.409@paramountkasrawad.edu,2025-2026
PAK00410,Heena,Chauhan,6-DIAMOND,"Ashok Pillai",Parent,9765000410,ashok.pillai.410@paramountkasrawad.edu,2025-2026
PAK00411,Mohit,Chopra,6-DIAMOND,"Priya Salve",Parent,9765000411,priya.salve.411@paramountkasrawad.edu,2025-2026
PAK00412,Nisha,Chandel,6-DIAMOND,"Ashok Saxena",Parent,9765000412,ashok.saxena.412@paramountkasrawad.edu,2025-2026
PAK00413,Ajay,Nair,6-DIAMOND,"Ramesh Salve",Parent,9765000413,ramesh.salve.413@paramountkasrawad.edu,2025-2026
PAK00414,Rakesh,Salve,6-DIAMOND,"Suresh Gaikwad",Parent,9765000414,suresh.gaikwad.414@paramountkasrawad.edu,2025-2026
PAK00415,Ekta,Patel,6-DIAMOND,"Sanjeev Trivedi",Mother,9765000415,sanjeev.trivedi.415@paramountkasrawad.edu,2025-2026
PAK00416,Ekta,Mishra,6-DIAMOND,"Bharat Khanna",Parent,9765000416,bharat.khanna.416@paramountkasrawad.edu,2025-2026
PAK00417,Tarun,Upadhyay,6-DIAMOND,"Ramesh Kumar",Guardian,9765000417,ramesh.kumar.417@paramountkasrawad.edu,2025-2026
PAK00418,Aditya,Kumar,6-DIAMOND,"Seema Grewal",Parent,9765000418,seema.grewal.418@paramountkasrawad.edu,2025-2026
PAK00419,Anuj,Shukla,6-DIAMOND,"Jagdish More",Mother,9765000419,jagdish.more.419@paramountkasrawad.edu,2025-2026
PAK00420,Saloni,Pillai,6-DIAMOND,"Meena Arora",Parent,9765000420,meena.arora.420@paramountkasrawad.edu,2025-2026
PAK00421,Omkar,Dhillon,7-RUBY,"Seema Rajak",Guardian,9765000421,seema.rajak.421@paramountkasrawad.edu,2025-2026
PAK00422,Tushar,Kapoor,7-RUBY,"Ramesh Koshal",Guardian,9765000422,ramesh.koshal.422@paramountkasrawad.edu,2025-2026
PAK00423,Aarav,Srivastava,7-RUBY,"Rajesh Tiwari",Father,9765000423,rajesh.tiwari.423@paramountkasrawad.edu,2025-2026
PAK00424,Anjali,Tiwari,7-RUBY,"Geeta Dhillon",Guardian,9765000424,geeta.dhillon.424@paramountkasrawad.edu,2025-2026
PAK00425,Dhruv,Soni,7-RUBY,"Ramesh Koshal",Parent,9765000425,ramesh.koshal.425@paramountkasrawad.edu,2025-2026
PAK00426,Kartik,Joshi,7-RUBY,"Geeta Pandey",Guardian,9765000426,geeta.pandey.426@paramountkasrawad.edu,2025-2026
PAK00427,Qadir,Chandel,7-RUBY,"Bharat Mishra",Mother,9765000427,bharat.mishra.427@paramountkasrawad.edu,2025-2026
PAK00428,Radha,Chauhan,7-RUBY,"Vinod Shah",Guardian,9765000428,vinod.shah.428@paramountkasrawad.edu,2025-2026
PAK00429,Ravi,Saxena,7-RUBY,"Meena Reddy",Parent,9765000429,meena.reddy.429@paramountkasrawad.edu,2025-2026
PAK00430,Chetan,Desai,7-RUBY,"Kishore Kumar",Father,9765000430,kishore.kumar.430@paramountkasrawad.edu,2025-2026
PAK00431,Sonia,Kumar,7-RUBY,"Jagdish Jadav",Guardian,9765000431,jagdish.jadav.431@paramountkasrawad.edu,2025-2026
PAK00432,Ravi,Mishra,7-RUBY,"Meena Shah",Father,9765000432,meena.shah.432@paramountkasrawad.edu,2025-2026
PAK00433,Omkar,Choudhary,7-RUBY,"Anil Saxena",Parent,9765000433,anil.saxena.433@paramountkasrawad.edu,2025-2026
PAK00434,Zaid,Saxena,7-RUBY,"Deepa Patel",Mother,9765000434,deepa.patel.434@paramountkasrawad.edu,2025-2026
PAK00435,Aarav,Trivedi,7-RUBY,"Mahesh Malhotra",Father,9765000435,mahesh.malhotra.435@paramountkasrawad.edu,2025-2026
PAK00436,Mona,Khanna,7-RUBY,"Umesh Patel",Guardian,9765000436,umesh.patel.436@paramountkasrawad.edu,2025-2026
PAK00437,Gaurav,Srivastava,7-RUBY,"Satish Khatri",Parent,9765000437,satish.khatri.437@paramountkasrawad.edu,2025-2026
PAK00438,Chetan,Sahu,7-RUBY,"Seema Singh",Guardian,9765000438,seema.singh.438@paramountkasrawad.edu,2025-2026
PAK00439,Aryan,Patel,7-RUBY,"Geeta Nair",Father,9765000439,geeta.nair.439@paramountkasrawad.edu,2025-2026
PAK00440,Pooja,Rao,7-RUBY,"Rekha Shah",Parent,9765000440,rekha.shah.440@paramountkasrawad.edu,2025-2026
PAK00441,Keerat,Verma,7-RUBY,"Sanjeev Upadhyay",Father,9765000441,sanjeev.upadhyay.441@paramountkasrawad.edu,2025-2026
PAK00442,Tushar,Arora,7-RUBY,"Savita Gaikwad",Father,9765000442,savita.gaikwad.442@paramountkasrawad.edu,2025-2026
PAK00443,Gaurav,Pandey,7-RUBY,"Seema Chopra",Parent,9765000443,seema.chopra.443@paramountkasrawad.edu,2025-2026
PAK00444,Rahul,Kaur,7-RUBY,"Rekha Tiwari",Guardian,9765000444,rekha.tiwari.444@paramountkasrawad.edu,2025-2026
PAK00445,Divya,Tiwari,7-RUBY,"Jagdish Yadav",Mother,9765000445,jagdish.yadav.445@paramountkasrawad.edu,2025-2026
PAK00446,Kavya,Sahu,7-RUBY,"Savita Jadav",Mother,9765000446,savita.jadav.446@paramountkasrawad.edu,2025-2026
PAK00447,Sneha,Rajput,7-RUBY,"Bharat Saxena",Mother,9765000447,bharat.saxena.447@paramountkasrawad.edu,2025-2026
PAK00448,Heena,Desai,7-RUBY,"Savita Choudhary",Parent,9765000448,savita.choudhary.448@paramountkasrawad.edu,2025-2026
PAK00449,Bhoomika,Srivastava,7-RUBY,"Priya Reddy",Mother,9765000449,priya.reddy.449@paramountkasrawad.edu,2025-2026
PAK00450,Nisha,Salve,7-RUBY,"Ashok Qureshi",Guardian,9765000450,ashok.qureshi.450@paramountkasrawad.edu,2025-2026
PAK00451,Ekta,Yadav,7-RUBY,"Satish Chaurasia",Guardian,9765000451,satish.chaurasia.451@paramountkasrawad.edu,2025-2026
PAK00452,Namrata,Rajak,7-RUBY,"Satish Pillai",Parent,9765000452,satish.pillai.452@paramountkasrawad.edu,2025-2026
PAK00453,Aryan,Dubey,7-RUBY,"Pankaj Salve",Mother,9765000453,pankaj.salve.453@paramountkasrawad.edu,2025-2026
PAK00454,Pinkesh,Malhotra,7-RUBY,"Ashok Shukla",Guardian,9765000454,ashok.shukla.454@paramountkasrawad.edu,2025-2026
PAK00455,Neha,Menon,7-RUBY,"Priya Tiwari",Guardian,9765000455,priya.tiwari.455@paramountkasrawad.edu,2025-2026
PAK00456,Isha,Jadav,7-DIAMOND,"Pankaj Qureshi",Parent,9765000456,pankaj.qureshi.456@paramountkasrawad.edu,2025-2026
PAK00457,Radha,Pillai,7-DIAMOND,"Geeta Saxena",Father,9765000457,geeta.saxena.457@paramountkasrawad.edu,2025-2026
PAK00458,Sonia,Srivastava,7-DIAMOND,"Anil Dhillon",Parent,9765000458,anil.dhillon.458@paramountkasrawad.edu,2025-2026
PAK00459,Radha,Kapoor,7-DIAMOND,"Geeta Jadav",Parent,9765000459,geeta.jadav.459@paramountkasrawad.edu,2025-2026
PAK00460,Zara,Kapoor,7-DIAMOND,"Seema Kaur",Parent,9765000460,seema.kaur.460@paramountkasrawad.edu,2025-2026
PAK00461,Anjali,Rajak,7-DIAMOND,"Harish Arora",Parent,9765000461,harish.arora.461@paramountkasrawad.edu,2025-2026
PAK00462,Sanjay,Khanna,7-DIAMOND,"Seema Mirza",Mother,9765000462,seema.mirza.462@paramountkasrawad.edu,2025-2026
PAK00463,Deepak,Chauhan,7-DIAMOND,"Deepa Shukla",Father,9765000463,deepa.shukla.463@paramountkasrawad.edu,2025-2026
PAK00464,Mona,Yadav,7-DIAMOND,"Satish More",Guardian,9765000464,satish.more.464@paramountkasrawad.edu,2025-2026
PAK00465,Rohit,Khan,7-DIAMOND,"Suresh Chaurasia",Parent,9765000465,suresh.chaurasia.465@paramountkasrawad.edu,2025-2026
PAK00466,Bhoomika,Jadav,7-DIAMOND,"Jagdish Chaurasia",Guardian,9765000466,jagdish.chaurasia.466@paramountkasrawad.edu,2025-2026
PAK00467,Zara,Kumar,7-DIAMOND,"Harish Soni",Guardian,9765000467,harish.soni.467@paramountkasrawad.edu,2025-2026
PAK00468,Zaid,Khan,7-DIAMOND,"Geeta Shah",Mother,9765000468,geeta.shah.468@paramountkasrawad.edu,2025-2026
PAK00469,Keerat,Bhat,7-DIAMOND,"Pankaj Srivastava",Guardian,9765000469,pankaj.srivastava.469@paramountkasrawad.edu,2025-2026
PAK00470,Pooja,Dubey,7-DIAMOND,"Kishore Chauhan",Mother,9765000470,kishore.chauhan.470@paramountkasrawad.edu,2025-2026
PAK00471,Aarav,Naik,7-DIAMOND,"Jagdish Sahu",Father,9765000471,jagdish.sahu.471@paramountkasrawad.edu,2025-2026
PAK00472,Saloni,Sahu,7-DIAMOND,"Geeta Bhat",Parent,9765000472,geeta.bhat.472@paramountkasrawad.edu,2025-2026
PAK00473,Mona,Chaurasia,7-DIAMOND,"Satish Trivedi",Mother,9765000473,satish.trivedi.473@paramountkasrawad.edu,2025-2026
PAK00474,Sneha,Sharma,7-DIAMOND,"Harish Chopra",Father,9765000474,harish.chopra.474@paramountkasrawad.edu,2025-2026
PAK00475,Aryan,Shah,7-DIAMOND,"Vinod Chaurasia",Father,9765000475,vinod.chaurasia.475@paramountkasrawad.edu,2025-2026
PAK00476,Ravi,Sharma,7-DIAMOND,"Arvind Mirza",Mother,9765000476,arvind.mirza.476@paramountkasrawad.edu,2025-2026
PAK00477,Zara,Soni,7-DIAMOND,"Gopal Rajput",Guardian,9765000477,gopal.rajput.477@paramountkasrawad.edu,2025-2026
PAK00478,Lakshmi,Chopra,7-DIAMOND,"Nirmala Shukla",Father,9765000478,nirmala.shukla.478@paramountkasrawad.edu,2025-2026
PAK00479,Dhruv,Deshmukh,7-DIAMOND,"Deepa Verma",Parent,9765000479,deepa.verma.479@paramountkasrawad.edu,2025-2026
PAK00480,Isha,Farooqui,7-DIAMOND,"Priya Pillai",Parent,9765000480,priya.pillai.480@paramountkasrawad.edu,2025-2026
PAK00481,Sanjay,Trivedi,7-DIAMOND,"Harish Sidhu",Father,9765000481,harish.sidhu.481@paramountkasrawad.edu,2025-2026
PAK00482,Deepak,Naik,7-DIAMOND,"Harish More",Mother,9765000482,harish.more.482@paramountkasrawad.edu,2025-2026
PAK00483,Uma,Reddy,7-DIAMOND,"Rekha Patel",Parent,9765000483,rekha.patel.483@paramountkasrawad.edu,2025-2026
PAK00484,Pinkesh,Shukla,7-DIAMOND,"Bharat Khan",Parent,9765000484,bharat.khan.484@paramountkasrawad.edu,2025-2026
PAK00485,Ravi,Jadav,7-DIAMOND,"Mahesh Chopra",Parent,9765000485,mahesh.chopra.485@paramountkasrawad.edu,2025-2026
PAK00486,Yogesh,Pillai,7-DIAMOND,"Arvind Chauhan",Parent,9765000486,arvind.chauhan.486@paramountkasrawad.edu,2025-2026
PAK00487,Laxmi,Dubey,7-DIAMOND,"Kishore Reddy",Guardian,9765000487,kishore.reddy.487@paramountkasrawad.edu,2025-2026
PAK00488,Alok,Patel,7-DIAMOND,"Kishore Malhotra",Mother,9765000488,kishore.malhotra.488@paramountkasrawad.edu,2025-2026
PAK00489,Uma,Shukla,7-DIAMOND,"Vinod Malhotra",Father,9765000489,vinod.malhotra.489@paramountkasrawad.edu,2025-2026
PAK00490,Neha,Malhotra,7-DIAMOND,"Pankaj Deshmukh",Mother,9765000490,pankaj.deshmukh.490@paramountkasrawad.edu,2025-2026
PAK00491,Neha,Chopra,8-RUBY,"Harish Shah",Father,9765000491,harish.shah.491@paramountkasrawad.edu,2025-2026
PAK00492,Mona,Menon,8-RUBY,"Deepa Sidhu",Mother,9765000492,deepa.sidhu.492@paramountkasrawad.edu,2025-2026
PAK00493,Pooja,Naik,8-RUBY,"Geeta Rajput",Parent,9765000493,geeta.rajput.493@paramountkasrawad.edu,2025-2026
PAK00494,Rohit,Kaur,8-RUBY,"Arvind Upadhyay",Parent,9765000494,arvind.upadhyay.494@paramountkasrawad.edu,2025-2026
PAK00495,Zaid,Kumar,8-RUBY,"Rajesh Yadav",Parent,9765000495,rajesh.yadav.495@paramountkasrawad.edu,2025-2026
PAK00496,Tushar,Jadav,8-RUBY,"Vinod Yadav",Mother,9765000496,vinod.yadav.496@paramountkasrawad.edu,2025-2026
PAK00497,Neha,Chaurasia,8-RUBY,"Seema Rajput",Mother,9765000497,seema.rajput.497@paramountkasrawad.edu,2025-2026
PAK00498,Jagdish,Trivedi,8-RUBY,"Priya Patel",Father,9765000498,priya.patel.498@paramountkasrawad.edu,2025-2026
PAK00499,Omkar,Kumar,8-RUBY,"Nirmala Deshmukh",Parent,9765000499,nirmala.deshmukh.499@paramountkasrawad.edu,2025-2026
PAK00500,Isha,Qureshi,8-RUBY,"Jagdish More",Mother,9765000500,jagdish.more.500@paramountkasrawad.edu,2025-2026
PAK00501,Deepak,Malhotra,8-RUBY,"Priya Khanna",Mother,9765000501,priya.khanna.501@paramountkasrawad.edu,2025-2026
PAK00502,Anjali,Kumar,8-RUBY,"Harish Sidhu",Father,9765000502,harish.sidhu.502@paramountkasrawad.edu,2025-2026
PAK00503,Deepak,Mirza,8-RUBY,"Geeta Khan",Parent,9765000503,geeta.khan.503@paramountkasrawad.edu,2025-2026
PAK00504,Neha,Rao,8-RUBY,"Naresh Kapoor",Guardian,9765000504,naresh.kapoor.504@paramountkasrawad.edu,2025-2026
PAK00505,Sneha,Rao,8-RUBY,"Kishore Saxena",Father,9765000505,kishore.saxena.505@paramountkasrawad.edu,2025-2026
PAK00506,Omkar,Soni,8-RUBY,"Nirmala Farooqui",Guardian,9765000506,nirmala.farooqui.506@paramountkasrawad.edu,2025-2026
PAK00507,Deepak,Verma,8-RUBY,"Meena Nair",Mother,9765000507,meena.nair.507@paramountkasrawad.edu,2025-2026
PAK00508,Amita,Malhotra,8-RUBY,"Meena Gupta",Mother,9765000508,meena.gupta.508@paramountkasrawad.edu,2025-2026
PAK00509,Waqar,Rajak,8-RUBY,"Sanjeev Khan",Parent,9765000509,sanjeev.khan.509@paramountkasrawad.edu,2025-2026
PAK00510,Amita,Gaikwad,8-RUBY,"Deepa Khan",Mother,9765000510,deepa.khan.510@paramountkasrawad.edu,2025-2026
PAK00511,Radha,Desai,8-RUBY,"Vinod Verma",Guardian,9765000511,vinod.verma.511@paramountkasrawad.edu,2025-2026
PAK00512,Namrata,Chaurasia,8-RUBY,"Savita Dubey",Parent,9765000512,savita.dubey.512@paramountkasrawad.edu,2025-2026
PAK00513,Deepak,Srivastava,8-RUBY,"Anil Gaikwad",Father,9765000513,anil.gaikwad.513@paramountkasrawad.edu,2025-2026
PAK00514,Dhruv,Chandel,8-RUBY,"Ramesh Choudhary",Guardian,9765000514,ramesh.choudhary.514@paramountkasrawad.edu,2025-2026
PAK00515,Alok,Gaikwad,8-RUBY,"Gopal Chaurasia",Guardian,9765000515,gopal.chaurasia.515@paramountkasrawad.edu,2025-2026
PAK00516,Anuj,Trivedi,8-RUBY,"Arvind Sharma",Father,9765000516,arvind.sharma.516@paramountkasrawad.edu,2025-2026
PAK00517,Isha,Rao,8-RUBY,"Bharat Tiwari",Parent,9765000517,bharat.tiwari.517@paramountkasrawad.edu,2025-2026
PAK00518,Amita,Yadav,8-RUBY,"Meena Tiwari",Parent,9765000518,meena.tiwari.518@paramountkasrawad.edu,2025-2026
PAK00519,Aarav,Pillai,8-RUBY,"Harish Khanna",Father,9765000519,harish.khanna.519@paramountkasrawad.edu,2025-2026
PAK00520,Ajay,Patel,8-RUBY,"Nirmala Kapoor",Guardian,9765000520,nirmala.kapoor.520@paramountkasrawad.edu,2025-2026
PAK00521,Aditya,Pandey,8-RUBY,"Anil Rajput",Father,9765000521,anil.rajput.521@paramountkasrawad.edu,2025-2026
PAK00522,Keerat,Soni,8-RUBY,"Suresh Khatri",Guardian,9765000522,suresh.khatri.522@paramountkasrawad.edu,2025-2026
PAK00523,Omkar,Chandel,8-RUBY,"Arvind Chaurasia",Guardian,9765000523,arvind.chaurasia.523@paramountkasrawad.edu,2025-2026
PAK00524,Neha,Salve,8-RUBY,"Bharat Grewal",Parent,9765000524,bharat.grewal.524@paramountkasrawad.edu,2025-2026
PAK00525,Dhruv,Nair,8-RUBY,"Rekha Khatri",Guardian,9765000525,rekha.khatri.525@paramountkasrawad.edu,2025-2026
PAK00526,Lakshmi,Upadhyay,8-DIAMOND,"Seema Arora",Guardian,9765000526,seema.arora.526@paramountkasrawad.edu,2025-2026
PAK00527,Namrata,Koshal,8-DIAMOND,"Rajesh Chauhan",Father,9765000527,rajesh.chauhan.527@paramountkasrawad.edu,2025-2026
PAK00528,Sanskriti,Qureshi,8-DIAMOND,"Meena Rao",Guardian,9765000528,meena.rao.528@paramountkasrawad.edu,2025-2026
PAK00529,Chetan,Chauhan,8-DIAMOND,"Bharat Khanna",Father,9765000529,bharat.khanna.529@paramountkasrawad.edu,2025-2026
PAK00530,Yogesh,Patel,8-DIAMOND,"Geeta Singh",Guardian,9765000530,geeta.singh.530@paramountkasrawad.edu,2025-2026
PAK00531,Farhan,Mehta,8-DIAMOND,"Jagdish Khatri",Mother,9765000531,jagdish.khatri.531@paramountkasrawad.edu,2025-2026
PAK00532,Lakshmi,Soni,8-DIAMOND,"Rajesh Verma",Parent,9765000532,rajesh.verma.532@paramountkasrawad.edu,2025-2026
PAK00533,Laxmi,Arora,8-DIAMOND,"Suresh Saxena",Father,9765000533,suresh.saxena.533@paramountkasrawad.edu,2025-2026
PAK00534,Bhavna,Khan,8-DIAMOND,"Umesh Upadhyay",Parent,9765000534,umesh.upadhyay.534@paramountkasrawad.edu,2025-2026
PAK00535,Ujjwal,Joshi,8-DIAMOND,"Mahesh Rajak",Parent,9765000535,mahesh.rajak.535@paramountkasrawad.edu,2025-2026
PAK00536,Bhavna,Malhotra,8-DIAMOND,"Jagdish Dhillon",Guardian,9765000536,jagdish.dhillon.536@paramountkasrawad.edu,2025-2026
PAK00537,Tarun,Salve,8-DIAMOND,"Vinod Menon",Mother,9765000537,vinod.menon.537@paramountkasrawad.edu,2025-2026
PAK00538,Ajay,Choudhary,8-DIAMOND,"Jagdish Pandey",Guardian,9765000538,jagdish.pandey.538@paramountkasrawad.edu,2025-2026
PAK00539,Tushar,Trivedi,8-DIAMOND,"Naresh Tiwari",Father,9765000539,naresh.tiwari.539@paramountkasrawad.edu,2025-2026
PAK00540,Bhoomika,Dubey,8-DIAMOND,"Kavita Khatri",Father,9765000540,kavita.khatri.540@paramountkasrawad.edu,2025-2026
PAK00541,Pinkesh,Rajput,8-DIAMOND,"Gopal Chauhan",Guardian,9765000541,gopal.chauhan.541@paramountkasrawad.edu,2025-2026
PAK00542,Zaid,Bhat,8-DIAMOND,"Ramesh Nair",Mother,9765000542,ramesh.nair.542@paramountkasrawad.edu,2025-2026
PAK00543,Zara,Nair,8-DIAMOND,"Nirmala Gaikwad",Parent,9765000543,nirmala.gaikwad.543@paramountkasrawad.edu,2025-2026
PAK00544,Ravi,Arora,8-DIAMOND,"Mahesh Malhotra",Father,9765000544,mahesh.malhotra.544@paramountkasrawad.edu,2025-2026
PAK00545,Alok,Chandel,8-DIAMOND,"Jagdish Jadav",Parent,9765000545,jagdish.jadav.545@paramountkasrawad.edu,2025-2026
PAK00546,Waqar,Sharma,8-DIAMOND,"Nirmala More",Guardian,9765000546,nirmala.more.546@paramountkasrawad.edu,2025-2026
PAK00547,Yogesh,Chopra,8-DIAMOND,"Umesh Desai",Father,9765000547,umesh.desai.547@paramountkasrawad.edu,2025-2026
PAK00548,Avni,Mirza,8-DIAMOND,"Suresh Shah",Mother,9765000548,suresh.shah.548@paramountkasrawad.edu,2025-2026
PAK00549,Zara,Menon,8-DIAMOND,"Sanjeev Gupta",Guardian,9765000549,sanjeev.gupta.549@paramountkasrawad.edu,2025-2026
PAK00550,Farhan,Koshal,8-DIAMOND,"Harish Upadhyay",Mother,9765000550,harish.upadhyay.550@paramountkasrawad.edu,2025-2026
PAK00551,Bhavna,Saxena,8-DIAMOND,"Suresh Khatri",Parent,9765000551,suresh.khatri.551@paramountkasrawad.edu,2025-2026
PAK00552,Om,Khatri,8-DIAMOND,"Vinod Deshmukh",Parent,9765000552,vinod.deshmukh.552@paramountkasrawad.edu,2025-2026
PAK00553,Bhoomika,Mishra,8-DIAMOND,"Ashok Upadhyay",Mother,9765000553,ashok.upadhyay.553@paramountkasrawad.edu,2025-2026
PAK00554,Vaishnavi,Pillai,8-DIAMOND,"Kishore Chaurasia",Parent,9765000554,kishore.chaurasia.554@paramountkasrawad.edu,2025-2026
PAK00555,Chetan,Chopra,8-DIAMOND,"Priya Chopra",Father,9765000555,priya.chopra.555@paramountkasrawad.edu,2025-2026
PAK00556,Pooja,Jadav,8-DIAMOND,"Anil Pandey",Guardian,9765000556,anil.pandey.556@paramountkasrawad.edu,2025-2026
PAK00557,Neha,More,8-DIAMOND,"Pankaj Chopra",Mother,9765000557,pankaj.chopra.557@paramountkasrawad.edu,2025-2026
PAK00558,Bhoomika,Dubey,8-DIAMOND,"Priya Desai",Guardian,9765000558,priya.desai.558@paramountkasrawad.edu,2025-2026
PAK00559,Sonia,Mishra,8-DIAMOND,"Sanjeev Chandel",Father,9765000559,sanjeev.chandel.559@paramountkasrawad.edu,2025-2026
PAK00560,Mona,Khan,8-DIAMOND,"Satish Srivastava",Parent,9765000560,satish.srivastava.560@paramountkasrawad.edu,2025-2026
PAK00561,Rahul,Arora,8-SAPPHIRE,"Geeta Desai",Father,9765000561,geeta.desai.561@paramountkasrawad.edu,2025-2026
PAK00562,Alok,Deshmukh,8-SAPPHIRE,"Satish Khatri",Mother,9765000562,satish.khatri.562@paramountkasrawad.edu,2025-2026
PAK00563,Farhan,Jadav,8-SAPPHIRE,"Kishore Mirza",Father,9765000563,kishore.mirza.563@paramountkasrawad.edu,2025-2026
PAK00564,Radha,Trivedi,8-SAPPHIRE,"Arvind Mirza",Father,9765000564,arvind.mirza.564@paramountkasrawad.edu,2025-2026
PAK00565,Rohit,Bhat,8-SAPPHIRE,"Harish Mehta",Father,9765000565,harish.mehta.565@paramountkasrawad.edu,2025-2026
PAK00566,Rakesh,Kapoor,8-SAPPHIRE,"Pankaj Tiwari",Guardian,9765000566,pankaj.tiwari.566@paramountkasrawad.edu,2025-2026
PAK00567,Chetan,Menon,8-SAPPHIRE,"Deepa Sharma",Father,9765000567,deepa.sharma.567@paramountkasrawad.edu,2025-2026
PAK00568,Neha,Kapoor,8-SAPPHIRE,"Mahesh Sidhu",Mother,9765000568,mahesh.sidhu.568@paramountkasrawad.edu,2025-2026
PAK00569,Aditya,Khanna,8-SAPPHIRE,"Gopal Reddy",Mother,9765000569,gopal.reddy.569@paramountkasrawad.edu,2025-2026
PAK00570,Neha,Desai,8-SAPPHIRE,"Harish Sharma",Guardian,9765000570,harish.sharma.570@paramountkasrawad.edu,2025-2026
PAK00571,Om,Khan,8-SAPPHIRE,"Harish Reddy",Father,9765000571,harish.reddy.571@paramountkasrawad.edu,2025-2026
PAK00572,Qadir,Sahu,8-SAPPHIRE,"Sanjeev Desai",Guardian,9765000572,sanjeev.desai.572@paramountkasrawad.edu,2025-2026
PAK00573,Sanjeev,Nair,8-SAPPHIRE,"Seema Shukla",Father,9765000573,seema.shukla.573@paramountkasrawad.edu,2025-2026
PAK00574,Sneha,Desai,8-SAPPHIRE,"Pankaj Mirza",Guardian,9765000574,pankaj.mirza.574@paramountkasrawad.edu,2025-2026
PAK00575,Harsh,Mishra,8-SAPPHIRE,"Deepa Chopra",Father,9765000575,deepa.chopra.575@paramountkasrawad.edu,2025-2026
PAK00576,Harsh,Saxena,8-SAPPHIRE,"Nirmala Choudhary",Guardian,9765000576,nirmala.choudhary.576@paramountkasrawad.edu,2025-2026
PAK00577,Nisha,Chaurasia,8-SAPPHIRE,"Satish Khanna",Parent,9765000577,satish.khanna.577@paramountkasrawad.edu,2025-2026
PAK00578,Tarun,Farooqui,8-SAPPHIRE,"Meena Reddy",Mother,9765000578,meena.reddy.578@paramountkasrawad.edu,2025-2026
PAK00579,Sanjay,Pandey,8-SAPPHIRE,"Harish Jadav",Guardian,9765000579,harish.jadav.579@paramountkasrawad.edu,2025-2026
PAK00580,Laxmi,Mishra,8-SAPPHIRE,"Mahesh Mirza",Guardian,9765000580,mahesh.mirza.580@paramountkasrawad.edu,2025-2026
PAK00581,Jatin,Nair,8-SAPPHIRE,"Satish Chauhan",Father,9765000581,satish.chauhan.581@paramountkasrawad.edu,2025-2026
PAK00582,Aditya,Farooqui,8-SAPPHIRE,"Deepa Naik",Parent,9765000582,deepa.naik.582@paramountkasrawad.edu,2025-2026
PAK00583,Tushar,Farooqui,8-SAPPHIRE,"Ramesh Pillai",Father,9765000583,ramesh.pillai.583@paramountkasrawad.edu,2025-2026
PAK00584,Rakesh,Shah,8-SAPPHIRE,"Naresh Singh",Mother,9765000584,naresh.singh.584@paramountkasrawad.edu,2025-2026
PAK00585,Pooja,Rajput,8-SAPPHIRE,"Savita Choudhary",Parent,9765000585,savita.choudhary.585@paramountkasrawad.edu,2025-2026
PAK00586,Saloni,Gaikwad,8-SAPPHIRE,"Seema Kumar",Guardian,9765000586,seema.kumar.586@paramountkasrawad.edu,2025-2026
PAK00587,Sneha,Khan,8-SAPPHIRE,"Arvind More",Father,9765000587,arvind.more.587@paramountkasrawad.edu,2025-2026
PAK00588,Yogesh,Jadav,8-SAPPHIRE,"Rekha Deshmukh",Parent,9765000588,rekha.deshmukh.588@paramountkasrawad.edu,2025-2026
PAK00589,Priya,Bhat,8-SAPPHIRE,"Suresh Trivedi",Guardian,9765000589,suresh.trivedi.589@paramountkasrawad.edu,2025-2026
PAK00590,Omkar,Upadhyay,8-SAPPHIRE,"Ramesh Grewal",Father,9765000590,ramesh.grewal.590@paramountkasrawad.edu,2025-2026
PAK00591,Rahul,Bhat,8-SAPPHIRE,"Pankaj Choudhary",Parent,9765000591,pankaj.choudhary.591@paramountkasrawad.edu,2025-2026
PAK00592,Rohit,Sahu,8-SAPPHIRE,"Ramesh Choudhary",Guardian,9765000592,ramesh.choudhary.592@paramountkasrawad.edu,2025-2026
PAK00593,Sonia,Kapoor,8-SAPPHIRE,"Sanjeev Sidhu",Father,9765000593,sanjeev.sidhu.593@paramountkasrawad.edu,2025-2026
PAK00594,Mona,Dubey,8-SAPPHIRE,"Ashok Mirza",Father,9765000594,ashok.mirza.594@paramountkasrawad.edu,2025-2026
PAK00595,Kavya,Chauhan,8-SAPPHIRE,"Kavita Srivastava",Parent,9765000595,kavita.srivastava.595@paramountkasrawad.edu,2025-2026
PAK00596,Om,Shah,8-TOPAZ,"Suresh Pandey",Mother,9765000596,suresh.pandey.596@paramountkasrawad.edu,2025-2026
PAK00597,Sanskriti,Nair,8-TOPAZ,"Ramesh Kumar",Father,9765000597,ramesh.kumar.597@paramountkasrawad.edu,2025-2026
PAK00598,Sanskriti,Sharma,8-TOPAZ,"Suresh More",Mother,9765000598,suresh.more.598@paramountkasrawad.edu,2025-2026
PAK00599,Divya,Pillai,8-TOPAZ,"Pankaj Patel",Father,9765000599,pankaj.patel.599@paramountkasrawad.edu,2025-2026
PAK00600,Gaurav,Gupta,8-TOPAZ,"Anil Trivedi",Father,9765000600,anil.trivedi.600@paramountkasrawad.edu,2025-2026
PAK00601,Jatin,Soni,8-TOPAZ,"Deepa Deshmukh",Guardian,9765000601,deepa.deshmukh.601@paramountkasrawad.edu,2025-2026
PAK00602,Pooja,Rajput,8-TOPAZ,"Ramesh Kapoor",Mother,9765000602,ramesh.kapoor.602@paramountkasrawad.edu,2025-2026
PAK00603,Vaishnavi,Shukla,8-TOPAZ,"Anil Reddy",Parent,9765000603,anil.reddy.603@paramountkasrawad.edu,2025-2026
PAK00604,Divya,Rao,8-TOPAZ,"Jagdish Sharma",Mother,9765000604,jagdish.sharma.604@paramountkasrawad.edu,2025-2026
PAK00605,Ravi,Jadav,8-TOPAZ,"Nirmala Chauhan",Parent,9765000605,nirmala.chauhan.605@paramountkasrawad.edu,2025-2026
PAK00606,Sanjay,Mirza,8-TOPAZ,"Rekha Salve",Guardian,9765000606,rekha.salve.606@paramountkasrawad.edu,2025-2026
PAK00607,Gaurav,Salve,8-TOPAZ,"Vinod Naik",Father,9765000607,vinod.naik.607@paramountkasrawad.edu,2025-2026
PAK00608,Ujjwal,Kumar,8-TOPAZ,"Naresh Shah",Mother,9765000608,naresh.shah.608@paramountkasrawad.edu,2025-2026
PAK00609,Alok,Deshmukh,8-TOPAZ,"Pankaj Chopra",Guardian,9765000609,pankaj.chopra.609@paramountkasrawad.edu,2025-2026
PAK00610,Kavya,Naik,8-TOPAZ,"Seema Shukla",Parent,9765000610,seema.shukla.610@paramountkasrawad.edu,2025-2026
PAK00611,Pinkesh,Trivedi,8-TOPAZ,"Gopal Rajak",Mother,9765000611,gopal.rajak.611@paramountkasrawad.edu,2025-2026
PAK00612,Anuj,Kaur,8-TOPAZ,"Ashok Joshi",Parent,9765000612,ashok.joshi.612@paramountkasrawad.edu,2025-2026
PAK00613,Anjali,Upadhyay,8-TOPAZ,"Suresh Sidhu",Father,9765000613,suresh.sidhu.613@paramountkasrawad.edu,2025-2026
PAK00614,Avni,Singh,8-TOPAZ,"Naresh Rajput",Parent,9765000614,naresh.rajput.614@paramountkasrawad.edu,2025-2026
PAK00615,Sunita,Farooqui,8-TOPAZ,"Nirmala Kapoor",Father,9765000615,nirmala.kapoor.615@paramountkasrawad.edu,2025-2026
PAK00616,Neha,Rao,8-TOPAZ,"Meena Naik",Mother,9765000616,meena.naik.616@paramountkasrawad.edu,2025-2026
PAK00617,Deepak,Patel,8-TOPAZ,"Suresh Shukla",Parent,9765000617,suresh.shukla.617@paramountkasrawad.edu,2025-2026
PAK00618,Imran,Mishra,8-TOPAZ,"Jagdish Farooqui",Parent,9765000618,jagdish.farooqui.618@paramountkasrawad.edu,2025-2026
PAK00619,Om,Kapoor,8-TOPAZ,"Geeta Trivedi",Mother,9765000619,geeta.trivedi.619@paramountkasrawad.edu,2025-2026
PAK00620,Anuj,Gupta,8-TOPAZ,"Rekha Trivedi",Mother,9765000620,rekha.trivedi.620@paramountkasrawad.edu,2025-2026
PAK00621,Nisha,Chandel,8-TOPAZ,"Geeta Tiwari",Father,9765000621,geeta.tiwari.621@paramountkasrawad.edu,2025-2026
PAK00622,Jatin,Koshal,8-TOPAZ,"Suresh Mehta",Parent,9765000622,suresh.mehta.622@paramountkasrawad.edu,2025-2026
PAK00623,Kavya,Singh,8-TOPAZ,"Nirmala Shukla",Guardian,9765000623,nirmala.shukla.623@paramountkasrawad.edu,2025-2026
PAK00624,Mohit,Chaurasia,8-TOPAZ,"Anil Tiwari",Parent,9765000624,anil.tiwari.624@paramountkasrawad.edu,2025-2026
PAK00625,Qadir,Naik,8-TOPAZ,"Jagdish Salve",Mother,9765000625,jagdish.salve.625@paramountkasrawad.edu,2025-2026
PAK00626,Mohit,Arora,8-TOPAZ,"Priya Trivedi",Father,9765000626,priya.trivedi.626@paramountkasrawad.edu,2025-2026
PAK00627,Ekta,Verma,8-TOPAZ,"Nirmala Dhillon",Parent,9765000627,nirmala.dhillon.627@paramountkasrawad.edu,2025-2026
PAK00628,Bhavna,Koshal,8-TOPAZ,"Vinod Reddy",Guardian,9765000628,vinod.reddy.628@paramountkasrawad.edu,2025-2026
PAK00629,Yash,Pillai,8-TOPAZ,"Savita Khan",Guardian,9765000629,savita.khan.629@paramountkasrawad.edu,2025-2026
PAK00630,Ravi,Sharma,8-TOPAZ,"Kavita Jadav",Parent,9765000630,kavita.jadav.630@paramountkasrawad.edu,2025-2026
PAK00631,Ajay,Farooqui,9-RUBY,"Satish Choudhary",Parent,9765000631,satish.choudhary.631@paramountkasrawad.edu,2025-2026
PAK00632,Zaid,Salve,9-RUBY,"Meena Naik",Guardian,9765000632,meena.naik.632@paramountkasrawad.edu,2025-2026
PAK00633,Jagdish,Sharma,9-RUBY,"Umesh Khan",Guardian,9765000633,umesh.khan.633@paramountkasrawad.edu,2025-2026
PAK00634,Kartik,Khatri,9-RUBY,"Kavita Srivastava",Mother,9765000634,kavita.srivastava.634@paramountkasrawad.edu,2025-2026
PAK00635,Alok,Chauhan,9-RUBY,"Kavita Khanna",Parent,9765000635,kavita.khanna.635@paramountkasrawad.edu,2025-2026
PAK00636,Aarav,Rao,9-RUBY,"Umesh Farooqui",Guardian,9765000636,umesh.farooqui.636@paramountkasrawad.edu,2025-2026
PAK00637,Rahul,Rajak,9-RUBY,"Jagdish Bhat",Father,9765000637,jagdish.bhat.637@paramountkasrawad.edu,2025-2026
PAK00638,Alok,Deshmukh,9-RUBY,"Kishore Koshal",Parent,9765000638,kishore.koshal.638@paramountkasrawad.edu,2025-2026
PAK00639,Keerat,Upadhyay,9-RUBY,"Mahesh Chandel",Father,9765000639,mahesh.chandel.639@paramountkasrawad.edu,2025-2026
PAK00640,Aryan,Rajak,9-RUBY,"Meena Shah",Father,9765000640,meena.shah.640@paramountkasrawad.edu,2025-2026
PAK00641,Isha,Malhotra,9-RUBY,"Meena Sharma",Parent,9765000641,meena.sharma.641@paramountkasrawad.edu,2025-2026
PAK00642,Yogesh,Sidhu,9-RUBY,"Mahesh Grewal",Guardian,9765000642,mahesh.grewal.642@paramountkasrawad.edu,2025-2026
PAK00643,Farhan,Shukla,9-RUBY,"Gopal Soni",Father,9765000643,gopal.soni.643@paramountkasrawad.edu,2025-2026
PAK00644,Saloni,Mirza,9-RUBY,"Umesh Kaur",Guardian,9765000644,umesh.kaur.644@paramountkasrawad.edu,2025-2026
PAK00645,Farhan,Upadhyay,9-RUBY,"Umesh Trivedi",Father,9765000645,umesh.trivedi.645@paramountkasrawad.edu,2025-2026
PAK00646,Anuj,Rajak,9-RUBY,"Jagdish Farooqui",Guardian,9765000646,jagdish.farooqui.646@paramountkasrawad.edu,2025-2026
PAK00647,Imran,Grewal,9-RUBY,"Bharat Chopra",Mother,9765000647,bharat.chopra.647@paramountkasrawad.edu,2025-2026
PAK00648,Chetan,Dubey,9-RUBY,"Naresh Deshmukh",Father,9765000648,naresh.deshmukh.648@paramountkasrawad.edu,2025-2026
PAK00649,Deepak,Reddy,9-RUBY,"Deepa Rajput",Guardian,9765000649,deepa.rajput.649@paramountkasrawad.edu,2025-2026
PAK00650,Pinkesh,Reddy,9-RUBY,"Nirmala Chandel",Mother,9765000650,nirmala.chandel.650@paramountkasrawad.edu,2025-2026
PAK00651,Radha,Sahu,9-RUBY,"Deepa Gupta",Parent,9765000651,deepa.gupta.651@paramountkasrawad.edu,2025-2026
PAK00652,Jatin,Mishra,9-RUBY,"Nirmala Reddy",Parent,9765000652,nirmala.reddy.652@paramountkasrawad.edu,2025-2026
PAK00653,Harsh,Naik,9-RUBY,"Geeta Mirza",Mother,9765000653,geeta.mirza.653@paramountkasrawad.edu,2025-2026
PAK00654,Ajay,Rajput,9-RUBY,"Deepa Mishra",Parent,9765000654,deepa.mishra.654@paramountkasrawad.edu,2025-2026
PAK00655,Neha,Yadav,9-RUBY,"Satish Gaikwad",Mother,9765000655,satish.gaikwad.655@paramountkasrawad.edu,2025-2026
PAK00656,Om,Shah,9-RUBY,"Harish Grewal",Mother,9765000656,harish.grewal.656@paramountkasrawad.edu,2025-2026
PAK00657,Kavya,Choudhary,9-RUBY,"Gopal Salve",Father,9765000657,gopal.salve.657@paramountkasrawad.edu,2025-2026
PAK00658,Priya,Chauhan,9-RUBY,"Seema Gupta",Parent,9765000658,seema.gupta.658@paramountkasrawad.edu,2025-2026
PAK00659,Ravi,Rajak,9-RUBY,"Satish Khanna",Parent,9765000659,satish.khanna.659@paramountkasrawad.edu,2025-2026
PAK00660,Rahul,Mishra,9-RUBY,"Ramesh Jadav",Guardian,9765000660,ramesh.jadav.660@paramountkasrawad.edu,2025-2026
PAK00661,Vijay,Naik,9-RUBY,"Arvind Gaikwad",Parent,9765000661,arvind.gaikwad.661@paramountkasrawad.edu,2025-2026
PAK00662,Radha,Upadhyay,9-RUBY,"Suresh Upadhyay",Mother,9765000662,suresh.upadhyay.662@paramountkasrawad.edu,2025-2026
PAK00663,Pinkesh,Grewal,9-RUBY,"Harish Gaikwad",Mother,9765000663,harish.gaikwad.663@paramountkasrawad.edu,2025-2026
PAK00664,Bhoomika,Jadav,9-RUBY,"Meena Khanna",Parent,9765000664,meena.khanna.664@paramountkasrawad.edu,2025-2026
PAK00665,Yash,Sharma,9-RUBY,"Suresh Naik",Father,9765000665,suresh.naik.665@paramountkasrawad.edu,2025-2026
PAK00666,Tushar,Farooqui,9-DIAMOND,"Kishore Malhotra",Guardian,9765000666,kishore.malhotra.666@paramountkasrawad.edu,2025-2026
PAK00667,Ajay,Desai,9-DIAMOND,"Vinod Patel",Guardian,9765000667,vinod.patel.667@paramountkasrawad.edu,2025-2026
PAK00668,Tarun,Chopra,9-DIAMOND,"Arvind Sharma",Mother,9765000668,arvind.sharma.668@paramountkasrawad.edu,2025-2026
PAK00669,Rakesh,Dhillon,9-DIAMOND,"Suresh Verma",Mother,9765000669,suresh.verma.669@paramountkasrawad.edu,2025-2026
PAK00670,Lakshmi,Khanna,9-DIAMOND,"Nirmala Arora",Guardian,9765000670,nirmala.arora.670@paramountkasrawad.edu,2025-2026
PAK00671,Jagdish,Chandel,9-DIAMOND,"Gopal Mirza",Guardian,9765000671,gopal.mirza.671@paramountkasrawad.edu,2025-2026
PAK00672,Anuj,Rajak,9-DIAMOND,"Meena Chopra",Father,9765000672,meena.chopra.672@paramountkasrawad.edu,2025-2026
PAK00673,Kartik,Naik,9-DIAMOND,"Meena Joshi",Father,9765000673,meena.joshi.673@paramountkasrawad.edu,2025-2026
PAK00674,Laxmi,Gupta,9-DIAMOND,"Rajesh Qureshi",Guardian,9765000674,rajesh.qureshi.674@paramountkasrawad.edu,2025-2026
PAK00675,Amita,Gupta,9-DIAMOND,"Ramesh Trivedi",Father,9765000675,ramesh.trivedi.675@paramountkasrawad.edu,2025-2026
PAK00676,Sneha,Soni,9-DIAMOND,"Suresh Dhillon",Guardian,9765000676,suresh.dhillon.676@paramountkasrawad.edu,2025-2026
PAK00677,Mohit,Rajak,9-DIAMOND,"Kishore Sidhu",Mother,9765000677,kishore.sidhu.677@paramountkasrawad.edu,2025-2026
PAK00678,Zara,Soni,9-DIAMOND,"Meena Srivastava",Mother,9765000678,meena.srivastava.678@paramountkasrawad.edu,2025-2026
PAK00679,Bhavna,Qureshi,9-DIAMOND,"Umesh Reddy",Father,9765000679,umesh.reddy.679@paramountkasrawad.edu,2025-2026
PAK00680,Anuj,Rao,9-DIAMOND,"Ramesh Sahu",Parent,9765000680,ramesh.sahu.680@paramountkasrawad.edu,2025-2026
PAK00681,Chetan,Reddy,9-DIAMOND,"Suresh Malhotra",Guardian,9765000681,suresh.malhotra.681@paramountkasrawad.edu,2025-2026
PAK00682,Anuj,Khanna,9-DIAMOND,"Jagdish Khanna",Parent,9765000682,jagdish.khanna.682@paramountkasrawad.edu,2025-2026
PAK00683,Divya,Salve,9-DIAMOND,"Harish Koshal",Guardian,9765000683,harish.koshal.683@paramountkasrawad.edu,2025-2026
PAK00684,Sneha,Dhillon,9-DIAMOND,"Priya Arora",Father,9765000684,priya.arora.684@paramountkasrawad.edu,2025-2026
PAK00685,Pooja,Saxena,9-DIAMOND,"Sanjeev Dhillon",Mother,9765000685,sanjeev.dhillon.685@paramountkasrawad.edu,2025-2026
PAK00686,Kartik,Kaur,9-DIAMOND,"Umesh Srivastava",Father,9765000686,umesh.srivastava.686@paramountkasrawad.edu,2025-2026
PAK00687,Anjali,Grewal,9-DIAMOND,"Deepa Grewal",Guardian,9765000687,deepa.grewal.687@paramountkasrawad.edu,2025-2026
PAK00688,Sanskriti,Sahu,9-DIAMOND,"Umesh Kaur",Father,9765000688,umesh.kaur.688@paramountkasrawad.edu,2025-2026
PAK00689,Pinkesh,Naik,9-DIAMOND,"Ashok Yadav",Mother,9765000689,ashok.yadav.689@paramountkasrawad.edu,2025-2026
PAK00690,Kavya,Khan,9-DIAMOND,"Nirmala Chopra",Mother,9765000690,nirmala.chopra.690@paramountkasrawad.edu,2025-2026
PAK00691,Waqar,Chauhan,9-DIAMOND,"Priya Mirza",Mother,9765000691,priya.mirza.691@paramountkasrawad.edu,2025-2026
PAK00692,Keerat,Upadhyay,9-DIAMOND,"Sanjeev Chaurasia",Father,9765000692,sanjeev.chaurasia.692@paramountkasrawad.edu,2025-2026
PAK00693,Sneha,Mehta,9-DIAMOND,"Mahesh Khan",Parent,9765000693,mahesh.khan.693@paramountkasrawad.edu,2025-2026
PAK00694,Zaid,Pandey,9-DIAMOND,"Arvind Srivastava",Parent,9765000694,arvind.srivastava.694@paramountkasrawad.edu,2025-2026
PAK00695,Aditya,Gaikwad,9-DIAMOND,"Jagdish Shukla",Guardian,9765000695,jagdish.shukla.695@paramountkasrawad.edu,2025-2026
PAK00696,Aarav,Rajput,9-DIAMOND,"Sanjeev Tiwari",Parent,9765000696,sanjeev.tiwari.696@paramountkasrawad.edu,2025-2026
PAK00697,Alok,Shah,9-DIAMOND,"Savita Pillai",Father,9765000697,savita.pillai.697@paramountkasrawad.edu,2025-2026
PAK00698,Aarav,Pillai,9-DIAMOND,"Rajesh Srivastava",Father,9765000698,rajesh.srivastava.698@paramountkasrawad.edu,2025-2026
PAK00699,Sneha,Yadav,9-DIAMOND,"Seema Dubey",Mother,9765000699,seema.dubey.699@paramountkasrawad.edu,2025-2026
PAK00700,Aryan,Desai,9-DIAMOND,"Rekha Deshmukh",Mother,9765000700,rekha.deshmukh.700@paramountkasrawad.edu,2025-2026
PAK00701,Sunita,Kapoor,10-RUBY,"Ramesh Farooqui",Father,9765000701,ramesh.farooqui.701@paramountkasrawad.edu,2025-2026
PAK00702,Rohit,Saxena,10-RUBY,"Satish Sidhu",Mother,9765000702,satish.sidhu.702@paramountkasrawad.edu,2025-2026
PAK00703,Saloni,Dubey,10-RUBY,"Savita Chaurasia",Father,9765000703,savita.chaurasia.703@paramountkasrawad.edu,2025-2026
PAK00704,Zara,Qureshi,10-RUBY,"Satish Joshi",Parent,9765000704,satish.joshi.704@paramountkasrawad.edu,2025-2026
PAK00705,Jagdish,Tiwari,10-RUBY,"Bharat Sharma",Father,9765000705,bharat.sharma.705@paramountkasrawad.edu,2025-2026
PAK00706,Ajay,Khatri,10-RUBY,"Ashok Kumar",Guardian,9765000706,ashok.kumar.706@paramountkasrawad.edu,2025-2026
PAK00707,Uma,Verma,10-RUBY,"Priya Qureshi",Father,9765000707,priya.qureshi.707@paramountkasrawad.edu,2025-2026
PAK00708,Rohit,Dhillon,10-RUBY,"Priya Khanna",Mother,9765000708,priya.khanna.708@paramountkasrawad.edu,2025-2026
PAK00709,Dhruv,Sharma,10-RUBY,"Savita Naik",Mother,9765000709,savita.naik.709@paramountkasrawad.edu,2025-2026
PAK00710,Pinkesh,Deshmukh,10-RUBY,"Savita Desai",Mother,9765000710,savita.desai.710@paramountkasrawad.edu,2025-2026
PAK00711,Mona,Kapoor,10-RUBY,"Kishore Kaur",Parent,9765000711,kishore.kaur.711@paramountkasrawad.edu,2025-2026
PAK00712,Vaishnavi,Gaikwad,10-RUBY,"Savita Chopra",Father,9765000712,savita.chopra.712@paramountkasrawad.edu,2025-2026
PAK00713,Imran,Rajak,10-RUBY,"Kishore Kapoor",Mother,9765000713,kishore.kapoor.713@paramountkasrawad.edu,2025-2026
PAK00714,Sanskriti,Naik,10-RUBY,"Geeta Soni",Mother,9765000714,geeta.soni.714@paramountkasrawad.edu,2025-2026
PAK00715,Tarun,Arora,10-RUBY,"Mahesh Tiwari",Guardian,9765000715,mahesh.tiwari.715@paramountkasrawad.edu,2025-2026
PAK00716,Om,Chauhan,10-RUBY,"Pankaj Kumar",Guardian,9765000716,pankaj.kumar.716@paramountkasrawad.edu,2025-2026
PAK00717,Ujjwal,More,10-RUBY,"Vinod Arora",Father,9765000717,vinod.arora.717@paramountkasrawad.edu,2025-2026
PAK00718,Om,Nair,10-RUBY,"Jagdish Sahu",Mother,9765000718,jagdish.sahu.718@paramountkasrawad.edu,2025-2026
PAK00719,Mona,Kapoor,10-RUBY,"Naresh Dubey",Father,9765000719,naresh.dubey.719@paramountkasrawad.edu,2025-2026
PAK00720,Omkar,Kumar,10-RUBY,"Naresh Chopra",Guardian,9765000720,naresh.chopra.720@paramountkasrawad.edu,2025-2026
PAK00721,Ajay,Verma,10-RUBY,"Umesh Saxena",Guardian,9765000721,umesh.saxena.721@paramountkasrawad.edu,2025-2026
PAK00722,Mohit,Tiwari,10-RUBY,"Meena Reddy",Mother,9765000722,meena.reddy.722@paramountkasrawad.edu,2025-2026
PAK00723,Tarun,Qureshi,10-RUBY,"Kishore Pandey",Mother,9765000723,kishore.pandey.723@paramountkasrawad.edu,2025-2026
PAK00724,Sunita,Rajput,10-RUBY,"Kishore Joshi",Parent,9765000724,kishore.joshi.724@paramountkasrawad.edu,2025-2026
PAK00725,Bhavna,Gupta,10-RUBY,"Meena Pandey",Parent,9765000725,meena.pandey.725@paramountkasrawad.edu,2025-2026
PAK00726,Mona,Mirza,10-RUBY,"Gopal Srivastava",Father,9765000726,gopal.srivastava.726@paramountkasrawad.edu,2025-2026
PAK00727,Arjun,Nair,10-RUBY,"Meena Shah",Mother,9765000727,meena.shah.727@paramountkasrawad.edu,2025-2026
PAK00728,Vaishnavi,Pandey,10-RUBY,"Geeta Koshal",Guardian,9765000728,geeta.koshal.728@paramountkasrawad.edu,2025-2026
PAK00729,Qadir,Chopra,10-RUBY,"Pankaj Khan",Mother,9765000729,pankaj.khan.729@paramountkasrawad.edu,2025-2026
PAK00730,Tarun,Trivedi,10-RUBY,"Suresh Sidhu",Father,9765000730,suresh.sidhu.730@paramountkasrawad.edu,2025-2026
PAK00731,Ujjwal,Chaurasia,10-RUBY,"Geeta Dhillon",Mother,9765000731,geeta.dhillon.731@paramountkasrawad.edu,2025-2026
PAK00732,Sneha,Mishra,10-RUBY,"Kavita Srivastava",Father,9765000732,kavita.srivastava.732@paramountkasrawad.edu,2025-2026
PAK00733,Yogesh,Rao,10-RUBY,"Pankaj Rajput",Father,9765000733,pankaj.rajput.733@paramountkasrawad.edu,2025-2026
PAK00734,Dhruv,Dhillon,10-RUBY,"Priya Choudhary",Mother,9765000734,priya.choudhary.734@paramountkasrawad.edu,2025-2026
PAK00735,Divya,Menon,10-RUBY,"Umesh Salve",Mother,9765000735,umesh.salve.735@paramountkasrawad.edu,2025-2026
PAK00736,Amita,Rajak,10-DIAMOND,"Anil Choudhary",Father,9765000736,anil.choudhary.736@paramountkasrawad.edu,2025-2026
PAK00737,Om,Pandey,10-DIAMOND,"Kishore Rajput",Father,9765000737,kishore.rajput.737@paramountkasrawad.edu,2025-2026
PAK00738,Alok,Khan,10-DIAMOND,"Harish Kaur",Guardian,9765000738,harish.kaur.738@paramountkasrawad.edu,2025-2026
PAK00739,Jatin,Gaikwad,10-DIAMOND,"Jagdish Joshi",Guardian,9765000739,jagdish.joshi.739@paramountkasrawad.edu,2025-2026
PAK00740,Waqar,Mishra,10-DIAMOND,"Suresh Desai",Father,9765000740,suresh.desai.740@paramountkasrawad.edu,2025-2026
PAK00741,Rahul,Kaur,10-DIAMOND,"Satish Koshal",Parent,9765000741,satish.koshal.741@paramountkasrawad.edu,2025-2026
PAK00742,Kavya,Chopra,10-DIAMOND,"Meena Soni",Mother,9765000742,meena.soni.742@paramountkasrawad.edu,2025-2026
PAK00743,Anuj,Malhotra,10-DIAMOND,"Gopal Sidhu",Guardian,9765000743,gopal.sidhu.743@paramountkasrawad.edu,2025-2026
PAK00744,Jatin,Kapoor,10-DIAMOND,"Suresh More",Father,9765000744,suresh.more.744@paramountkasrawad.edu,2025-2026
PAK00745,Ujjwal,Soni,10-DIAMOND,"Jagdish Koshal",Father,9765000745,jagdish.koshal.745@paramountkasrawad.edu,2025-2026
PAK00746,Zara,Dhillon,10-DIAMOND,"Ramesh Deshmukh",Mother,9765000746,ramesh.deshmukh.746@paramountkasrawad.edu,2025-2026
PAK00747,Omkar,Saxena,10-DIAMOND,"Umesh Srivastava",Mother,9765000747,umesh.srivastava.747@paramountkasrawad.edu,2025-2026
PAK00748,Divya,Shah,10-DIAMOND,"Umesh Rao",Parent,9765000748,umesh.rao.748@paramountkasrawad.edu,2025-2026
PAK00749,Yash,Tiwari,10-DIAMOND,"Mahesh Srivastava",Guardian,9765000749,mahesh.srivastava.749@paramountkasrawad.edu,2025-2026
PAK00750,Vijay,Yadav,10-DIAMOND,"Meena Sahu",Father,9765000750,meena.sahu.750@paramountkasrawad.edu,2025-2026
PAK00751,Pinkesh,Patel,10-DIAMOND,"Kishore Trivedi",Mother,9765000751,kishore.trivedi.751@paramountkasrawad.edu,2025-2026
PAK00752,Sanjay,Arora,10-DIAMOND,"Kishore Khatri",Parent,9765000752,kishore.khatri.752@paramountkasrawad.edu,2025-2026
PAK00753,Deepak,Mehta,10-DIAMOND,"Harish Mishra",Parent,9765000753,harish.mishra.753@paramountkasrawad.edu,2025-2026
PAK00754,Isha,Mishra,10-DIAMOND,"Jagdish Malhotra",Mother,9765000754,jagdish.malhotra.754@paramountkasrawad.edu,2025-2026
PAK00755,Pinkesh,Khan,10-DIAMOND,"Geeta Salve",Father,9765000755,geeta.salve.755@paramountkasrawad.edu,2025-2026
PAK00756,Yash,Menon,10-DIAMOND,"Kishore Shah",Father,9765000756,kishore.shah.756@paramountkasrawad.edu,2025-2026
PAK00757,Aarav,Reddy,10-DIAMOND,"Suresh Upadhyay",Parent,9765000757,suresh.upadhyay.757@paramountkasrawad.edu,2025-2026
PAK00758,Yash,Koshal,10-DIAMOND,"Vinod Naik",Guardian,9765000758,vinod.naik.758@paramountkasrawad.edu,2025-2026
PAK00759,Divya,Khanna,10-DIAMOND,"Priya Rao",Guardian,9765000759,priya.rao.759@paramountkasrawad.edu,2025-2026
PAK00760,Mona,Pillai,10-DIAMOND,"Suresh Chaurasia",Mother,9765000760,suresh.chaurasia.760@paramountkasrawad.edu,2025-2026
PAK00761,Keerat,Rajak,10-DIAMOND,"Arvind Khanna",Guardian,9765000761,arvind.khanna.761@paramountkasrawad.edu,2025-2026
PAK00762,Divya,Koshal,10-DIAMOND,"Priya Rao",Mother,9765000762,priya.rao.762@paramountkasrawad.edu,2025-2026
PAK00763,Gaurav,Patel,10-DIAMOND,"Priya Farooqui",Parent,9765000763,priya.farooqui.763@paramountkasrawad.edu,2025-2026
PAK00764,Mona,More,10-DIAMOND,"Jagdish Salve",Parent,9765000764,jagdish.salve.764@paramountkasrawad.edu,2025-2026
PAK00765,Waqar,Mishra,10-DIAMOND,"Sanjeev Sharma",Father,9765000765,sanjeev.sharma.765@paramountkasrawad.edu,2025-2026
PAK00766,Deepak,Saxena,10-DIAMOND,"Naresh Dubey",Parent,9765000766,naresh.dubey.766@paramountkasrawad.edu,2025-2026
PAK00767,Heena,Pandey,10-DIAMOND,"Kavita Mishra",Guardian,9765000767,kavita.mishra.767@paramountkasrawad.edu,2025-2026
PAK00768,Isha,Rao,10-DIAMOND,"Nirmala Khatri",Guardian,9765000768,nirmala.khatri.768@paramountkasrawad.edu,2025-2026
PAK00769,Neha,Shah,10-DIAMOND,"Jagdish Deshmukh",Mother,9765000769,jagdish.deshmukh.769@paramountkasrawad.edu,2025-2026
PAK00770,Priya,Shah,10-DIAMOND,"Kishore Reddy",Father,9765000770,kishore.reddy.770@paramountkasrawad.edu,2025-2026
PAK00771,Yash,Joshi,11-RUBY,"Bharat Deshmukh",Mother,9765000771,bharat.deshmukh.771@paramountkasrawad.edu,2025-2026
PAK00772,Uma,Srivastava,11-RUBY,"Geeta Jadav",Mother,9765000772,geeta.jadav.772@paramountkasrawad.edu,2025-2026
PAK00773,Laxmi,Tiwari,11-RUBY,"Mahesh Trivedi",Father,9765000773,mahesh.trivedi.773@paramountkasrawad.edu,2025-2026
PAK00774,Rohit,Gupta,11-RUBY,"Ashok Mehta",Guardian,9765000774,ashok.mehta.774@paramountkasrawad.edu,2025-2026
PAK00775,Sneha,Bhat,11-RUBY,"Vinod Farooqui",Mother,9765000775,vinod.farooqui.775@paramountkasrawad.edu,2025-2026
PAK00776,Avni,Gaikwad,11-RUBY,"Priya Mehta",Guardian,9765000776,priya.mehta.776@paramountkasrawad.edu,2025-2026
PAK00777,Kartik,Khanna,11-RUBY,"Sanjeev Choudhary",Parent,9765000777,sanjeev.choudhary.777@paramountkasrawad.edu,2025-2026
PAK00778,Aarav,Malhotra,11-RUBY,"Geeta Dhillon",Parent,9765000778,geeta.dhillon.778@paramountkasrawad.edu,2025-2026
PAK00779,Lakshmi,Mirza,11-RUBY,"Gopal Trivedi",Father,9765000779,gopal.trivedi.779@paramountkasrawad.edu,2025-2026
PAK00780,Pinkesh,Khan,11-RUBY,"Kishore Chauhan",Guardian,9765000780,kishore.chauhan.780@paramountkasrawad.edu,2025-2026
PAK00781,Jagdish,Rao,11-RUBY,"Suresh Chauhan",Mother,9765000781,suresh.chauhan.781@paramountkasrawad.edu,2025-2026
PAK00782,Waqar,Kaur,11-RUBY,"Umesh Saxena",Father,9765000782,umesh.saxena.782@paramountkasrawad.edu,2025-2026
PAK00783,Rahul,Joshi,11-RUBY,"Sanjeev Saxena",Parent,9765000783,sanjeev.saxena.783@paramountkasrawad.edu,2025-2026
PAK00784,Amita,Deshmukh,11-RUBY,"Jagdish Choudhary",Father,9765000784,jagdish.choudhary.784@paramountkasrawad.edu,2025-2026
PAK00785,Farhan,Chaurasia,11-RUBY,"Suresh Patel",Father,9765000785,suresh.patel.785@paramountkasrawad.edu,2025-2026
PAK00786,Gaurav,Saxena,11-RUBY,"Anil Choudhary",Parent,9765000786,anil.choudhary.786@paramountkasrawad.edu,2025-2026
PAK00787,Sneha,Sidhu,11-RUBY,"Nirmala Sharma",Father,9765000787,nirmala.sharma.787@paramountkasrawad.edu,2025-2026
PAK00788,Saloni,Mehta,11-RUBY,"Rajesh Shukla",Parent,9765000788,rajesh.shukla.788@paramountkasrawad.edu,2025-2026
PAK00789,Rohit,Mirza,11-RUBY,"Mahesh Verma",Father,9765000789,mahesh.verma.789@paramountkasrawad.edu,2025-2026
PAK00790,Avni,Salve,11-RUBY,"Meena Verma",Father,9765000790,meena.verma.790@paramountkasrawad.edu,2025-2026
PAK00791,Lakshmi,Chauhan,11-RUBY,"Gopal Arora",Mother,9765000791,gopal.arora.791@paramountkasrawad.edu,2025-2026
PAK00792,Gaurav,Sharma,11-RUBY,"Jagdish Singh",Father,9765000792,jagdish.singh.792@paramountkasrawad.edu,2025-2026
PAK00793,Avni,Gupta,11-RUBY,"Savita Verma",Mother,9765000793,savita.verma.793@paramountkasrawad.edu,2025-2026
PAK00794,Sunita,Salve,11-RUBY,"Umesh Patel",Mother,9765000794,umesh.patel.794@paramountkasrawad.edu,2025-2026
PAK00795,Priya,Mehta,11-RUBY,"Meena Gaikwad",Mother,9765000795,meena.gaikwad.795@paramountkasrawad.edu,2025-2026
PAK00796,Sneha,Qureshi,11-RUBY,"Umesh Koshal",Father,9765000796,umesh.koshal.796@paramountkasrawad.edu,2025-2026
PAK00797,Neha,Joshi,11-RUBY,"Anil Chauhan",Mother,9765000797,anil.chauhan.797@paramountkasrawad.edu,2025-2026
PAK00798,Rohit,Pandey,11-RUBY,"Nirmala Kumar",Parent,9765000798,nirmala.kumar.798@paramountkasrawad.edu,2025-2026
PAK00799,Vijay,Deshmukh,11-RUBY,"Savita Sharma",Guardian,9765000799,savita.sharma.799@paramountkasrawad.edu,2025-2026
PAK00800,Kartik,Rajak,11-RUBY,"Meena More",Mother,9765000800,meena.more.800@paramountkasrawad.edu,2025-2026
PAK00801,Jatin,Shukla,11-RUBY,"Seema Reddy",Mother,9765000801,seema.reddy.801@paramountkasrawad.edu,2025-2026
PAK00802,Zaid,Pandey,11-RUBY,"Arvind Pillai",Guardian,9765000802,arvind.pillai.802@paramountkasrawad.edu,2025-2026
PAK00803,Rahul,Singh,11-RUBY,"Suresh Shah",Mother,9765000803,suresh.shah.803@paramountkasrawad.edu,2025-2026
PAK00804,Tushar,Dubey,11-RUBY,"Sanjeev Pillai",Guardian,9765000804,sanjeev.pillai.804@paramountkasrawad.edu,2025-2026
PAK00805,Divya,Gaikwad,11-RUBY,"Naresh Salve",Mother,9765000805,naresh.salve.805@paramountkasrawad.edu,2025-2026
PAK00806,Laxmi,Pillai,11-DIAMOND,"Rajesh Mirza",Parent,9765000806,rajesh.mirza.806@paramountkasrawad.edu,2025-2026
PAK00807,Arjun,Dubey,11-DIAMOND,"Kishore Arora",Guardian,9765000807,kishore.arora.807@paramountkasrawad.edu,2025-2026
PAK00808,Ravi,Kumar,11-DIAMOND,"Kavita Rajak",Mother,9765000808,kavita.rajak.808@paramountkasrawad.edu,2025-2026
PAK00809,Anuj,Naik,11-DIAMOND,"Suresh Shukla",Father,9765000809,suresh.shukla.809@paramountkasrawad.edu,2025-2026
PAK00810,Ajay,Grewal,11-DIAMOND,"Anil Joshi",Parent,9765000810,anil.joshi.810@paramountkasrawad.edu,2025-2026
PAK00811,Divya,Tiwari,11-DIAMOND,"Satish Shah",Father,9765000811,satish.shah.811@paramountkasrawad.edu,2025-2026
PAK00812,Avni,Kapoor,11-DIAMOND,"Ashok Khan",Parent,9765000812,ashok.khan.812@paramountkasrawad.edu,2025-2026
PAK00813,Isha,Tiwari,11-DIAMOND,"Nirmala Rao",Mother,9765000813,nirmala.rao.813@paramountkasrawad.edu,2025-2026
PAK00814,Laxmi,Mehta,11-DIAMOND,"Suresh Chopra",Parent,9765000814,suresh.chopra.814@paramountkasrawad.edu,2025-2026
PAK00815,Kartik,Shukla,11-DIAMOND,"Ashok Grewal",Guardian,9765000815,ashok.grewal.815@paramountkasrawad.edu,2025-2026
PAK00816,Rahul,Kapoor,11-DIAMOND,"Rajesh Naik",Mother,9765000816,rajesh.naik.816@paramountkasrawad.edu,2025-2026
PAK00817,Deepak,Pandey,11-DIAMOND,"Kishore Patel",Guardian,9765000817,kishore.patel.817@paramountkasrawad.edu,2025-2026
PAK00818,Deepak,Khan,11-DIAMOND,"Priya Shukla",Guardian,9765000818,priya.shukla.818@paramountkasrawad.edu,2025-2026
PAK00819,Jagdish,Kapoor,11-DIAMOND,"Vinod Rao",Father,9765000819,vinod.rao.819@paramountkasrawad.edu,2025-2026
PAK00820,Bhoomika,Bhat,11-DIAMOND,"Geeta Kapoor",Guardian,9765000820,geeta.kapoor.820@paramountkasrawad.edu,2025-2026
PAK00821,Pooja,Kapoor,11-DIAMOND,"Umesh Mirza",Mother,9765000821,umesh.mirza.821@paramountkasrawad.edu,2025-2026
PAK00822,Kavya,Shukla,11-DIAMOND,"Pankaj Deshmukh",Guardian,9765000822,pankaj.deshmukh.822@paramountkasrawad.edu,2025-2026
PAK00823,Sunita,Rajak,11-DIAMOND,"Nirmala Chaurasia",Parent,9765000823,nirmala.chaurasia.823@paramountkasrawad.edu,2025-2026
PAK00824,Sanskriti,Naik,11-DIAMOND,"Suresh Yadav",Mother,9765000824,suresh.yadav.824@paramountkasrawad.edu,2025-2026
PAK00825,Anjali,Singh,11-DIAMOND,"Ashok Naik",Mother,9765000825,ashok.naik.825@paramountkasrawad.edu,2025-2026
PAK00826,Anuj,Shukla,11-DIAMOND,"Kishore Farooqui",Mother,9765000826,kishore.farooqui.826@paramountkasrawad.edu,2025-2026
PAK00827,Qadir,Deshmukh,11-DIAMOND,"Kavita Sharma",Guardian,9765000827,kavita.sharma.827@paramountkasrawad.edu,2025-2026
PAK00828,Tushar,Qureshi,11-DIAMOND,"Seema Deshmukh",Mother,9765000828,seema.deshmukh.828@paramountkasrawad.edu,2025-2026
PAK00829,Jatin,Sharma,11-DIAMOND,"Meena Kaur",Guardian,9765000829,meena.kaur.829@paramountkasrawad.edu,2025-2026
PAK00830,Rohit,Saxena,11-DIAMOND,"Umesh Tiwari",Mother,9765000830,umesh.tiwari.830@paramountkasrawad.edu,2025-2026
PAK00831,Qadir,Choudhary,11-DIAMOND,"Geeta Bhat",Guardian,9765000831,geeta.bhat.831@paramountkasrawad.edu,2025-2026
PAK00832,Saloni,Gupta,11-DIAMOND,"Kishore Chandel",Mother,9765000832,kishore.chandel.832@paramountkasrawad.edu,2025-2026
PAK00833,Omkar,Kumar,11-DIAMOND,"Kavita Rajput",Parent,9765000833,kavita.rajput.833@paramountkasrawad.edu,2025-2026
PAK00834,Rahul,Kaur,11-DIAMOND,"Sanjeev Kapoor",Parent,9765000834,sanjeev.kapoor.834@paramountkasrawad.edu,2025-2026
PAK00835,Anuj,Rajak,11-DIAMOND,"Sanjeev Rajak",Parent,9765000835,sanjeev.rajak.835@paramountkasrawad.edu,2025-2026
PAK00836,Farhan,Koshal,11-DIAMOND,"Sanjeev Sharma",Parent,9765000836,sanjeev.sharma.836@paramountkasrawad.edu,2025-2026
PAK00837,Heena,Srivastava,11-DIAMOND,"Meena Srivastava",Parent,9765000837,meena.srivastava.837@paramountkasrawad.edu,2025-2026
PAK00838,Neha,Trivedi,11-DIAMOND,"Jagdish Desai",Father,9765000838,jagdish.desai.838@paramountkasrawad.edu,2025-2026
PAK00839,Pinkesh,Gaikwad,11-DIAMOND,"Savita Sharma",Parent,9765000839,savita.sharma.839@paramountkasrawad.edu,2025-2026
PAK00840,Yash,Mehta,11-DIAMOND,"Sanjeev Kumar",Father,9765000840,sanjeev.kumar.840@paramountkasrawad.edu,2025-2026
PAK00841,Kavya,Bhat,11-EMERALD,"Pankaj Arora",Father,9765000841,pankaj.arora.841@paramountkasrawad.edu,2025-2026
PAK00842,Yogesh,Khatri,11-EMERALD,"Nirmala Choudhary",Mother,9765000842,nirmala.choudhary.842@paramountkasrawad.edu,2025-2026
PAK00843,Heena,Mirza,11-EMERALD,"Priya Jadav",Father,9765000843,priya.jadav.843@paramountkasrawad.edu,2025-2026
PAK00844,Rahul,Upadhyay,11-EMERALD,"Meena Sidhu",Mother,9765000844,meena.sidhu.844@paramountkasrawad.edu,2025-2026
PAK00845,Saloni,Yadav,11-EMERALD,"Priya Kapoor",Mother,9765000845,priya.kapoor.845@paramountkasrawad.edu,2025-2026
PAK00846,Ujjwal,Shukla,11-EMERALD,"Umesh Tiwari",Parent,9765000846,umesh.tiwari.846@paramountkasrawad.edu,2025-2026
PAK00847,Sunita,Pillai,11-EMERALD,"Kavita Reddy",Mother,9765000847,kavita.reddy.847@paramountkasrawad.edu,2025-2026
PAK00848,Gaurav,Kaur,11-EMERALD,"Meena Rao",Parent,9765000848,meena.rao.848@paramountkasrawad.edu,2025-2026
PAK00849,Bhavna,Koshal,11-EMERALD,"Geeta Sahu",Guardian,9765000849,geeta.sahu.849@paramountkasrawad.edu,2025-2026
PAK00850,Anuj,Pillai,11-EMERALD,"Pankaj Saxena",Father,9765000850,pankaj.saxena.850@paramountkasrawad.edu,2025-2026
PAK00851,Zaid,Arora,11-EMERALD,"Suresh Chandel",Mother,9765000851,suresh.chandel.851@paramountkasrawad.edu,2025-2026
PAK00852,Kavya,Kumar,11-EMERALD,"Gopal Rao",Mother,9765000852,gopal.rao.852@paramountkasrawad.edu,2025-2026
PAK00853,Avni,Koshal,11-EMERALD,"Priya Deshmukh",Guardian,9765000853,priya.deshmukh.853@paramountkasrawad.edu,2025-2026
PAK00854,Ravi,Deshmukh,11-EMERALD,"Seema Tiwari",Parent,9765000854,seema.tiwari.854@paramountkasrawad.edu,2025-2026
PAK00855,Isha,Mishra,11-EMERALD,"Sanjeev Verma",Father,9765000855,sanjeev.verma.855@paramountkasrawad.edu,2025-2026
PAK00856,Heena,Sharma,11-EMERALD,"Seema Qureshi",Father,9765000856,seema.qureshi.856@paramountkasrawad.edu,2025-2026
PAK00857,Dhruv,Gupta,11-EMERALD,"Deepa Sharma",Parent,9765000857,deepa.sharma.857@paramountkasrawad.edu,2025-2026
PAK00858,Sonia,Reddy,11-EMERALD,"Harish Khatri",Parent,9765000858,harish.khatri.858@paramountkasrawad.edu,2025-2026
PAK00859,Tushar,Chaurasia,11-EMERALD,"Sanjeev Khan",Guardian,9765000859,sanjeev.khan.859@paramountkasrawad.edu,2025-2026
PAK00860,Sanskriti,Saxena,11-EMERALD,"Arvind Desai",Father,9765000860,arvind.desai.860@paramountkasrawad.edu,2025-2026
PAK00861,Waqar,Salve,11-EMERALD,"Ramesh Arora",Parent,9765000861,ramesh.arora.861@paramountkasrawad.edu,2025-2026
PAK00862,Mohit,Gupta,11-EMERALD,"Umesh Sidhu",Father,9765000862,umesh.sidhu.862@paramountkasrawad.edu,2025-2026
PAK00863,Pooja,Nair,11-EMERALD,"Priya Menon",Father,9765000863,priya.menon.863@paramountkasrawad.edu,2025-2026
PAK00864,Uma,Gaikwad,11-EMERALD,"Satish Dhillon",Parent,9765000864,satish.dhillon.864@paramountkasrawad.edu,2025-2026
PAK00865,Yogesh,Singh,11-EMERALD,"Nirmala Trivedi",Parent,9765000865,nirmala.trivedi.865@paramountkasrawad.edu,2025-2026
PAK00866,Farhan,Saxena,11-EMERALD,"Kavita Grewal",Mother,9765000866,kavita.grewal.866@paramountkasrawad.edu,2025-2026
PAK00867,Om,Saxena,11-EMERALD,"Rekha Pillai",Mother,9765000867,rekha.pillai.867@paramountkasrawad.edu,2025-2026
PAK00868,Mona,Pillai,11-EMERALD,"Deepa Chandel",Guardian,9765000868,deepa.chandel.868@paramountkasrawad.edu,2025-2026
PAK00869,Neha,Saxena,11-EMERALD,"Meena Joshi",Mother,9765000869,meena.joshi.869@paramountkasrawad.edu,2025-2026
PAK00870,Gaurav,Mehta,11-EMERALD,"Harish Jadav",Parent,9765000870,harish.jadav.870@paramountkasrawad.edu,2025-2026
PAK00871,Nisha,Verma,11-EMERALD,"Seema Kapoor",Father,9765000871,seema.kapoor.871@paramountkasrawad.edu,2025-2026
PAK00872,Amita,Farooqui,11-EMERALD,"Rajesh Choudhary",Mother,9765000872,rajesh.choudhary.872@paramountkasrawad.edu,2025-2026
PAK00873,Rohit,Srivastava,11-EMERALD,"Rajesh Khanna",Guardian,9765000873,rajesh.khanna.873@paramountkasrawad.edu,2025-2026
PAK00874,Sunita,Singh,11-EMERALD,"Vinod Farooqui",Guardian,9765000874,vinod.farooqui.874@paramountkasrawad.edu,2025-2026
PAK00875,Ekta,Chaurasia,11-EMERALD,"Sanjeev Rajak",Mother,9765000875,sanjeev.rajak.875@paramountkasrawad.edu,2025-2026
PAK00876,Chetan,Kumar,11-SAPPHIRE,"Gopal More",Guardian,9765000876,gopal.more.876@paramountkasrawad.edu,2025-2026
PAK00877,Sunita,Mirza,11-SAPPHIRE,"Ashok Koshal",Parent,9765000877,ashok.koshal.877@paramountkasrawad.edu,2025-2026
PAK00878,Omkar,Srivastava,11-SAPPHIRE,"Kishore Nair",Father,9765000878,kishore.nair.878@paramountkasrawad.edu,2025-2026
PAK00879,Farhan,Tiwari,11-SAPPHIRE,"Anil Naik",Parent,9765000879,anil.naik.879@paramountkasrawad.edu,2025-2026
PAK00880,Priya,Chauhan,11-SAPPHIRE,"Anil Sharma",Guardian,9765000880,anil.sharma.880@paramountkasrawad.edu,2025-2026
PAK00881,Keerat,Menon,11-SAPPHIRE,"Anil Rajak",Guardian,9765000881,anil.rajak.881@paramountkasrawad.edu,2025-2026
PAK00882,Mohit,Gaikwad,11-SAPPHIRE,"Geeta Bhat",Parent,9765000882,geeta.bhat.882@paramountkasrawad.edu,2025-2026
PAK00883,Rahul,Yadav,11-SAPPHIRE,"Deepa Mirza",Guardian,9765000883,deepa.mirza.883@paramountkasrawad.edu,2025-2026
PAK00884,Chetan,Sharma,11-SAPPHIRE,"Harish Mehta",Parent,9765000884,harish.mehta.884@paramountkasrawad.edu,2025-2026
PAK00885,Vaishnavi,Menon,11-SAPPHIRE,"Mahesh Yadav",Mother,9765000885,mahesh.yadav.885@paramountkasrawad.edu,2025-2026
PAK00886,Isha,Arora,11-SAPPHIRE,"Geeta Singh",Guardian,9765000886,geeta.singh.886@paramountkasrawad.edu,2025-2026
PAK00887,Anuj,Khan,11-SAPPHIRE,"Mahesh Upadhyay",Father,9765000887,mahesh.upadhyay.887@paramountkasrawad.edu,2025-2026
PAK00888,Heena,Malhotra,11-SAPPHIRE,"Mahesh Shukla",Mother,9765000888,mahesh.shukla.888@paramountkasrawad.edu,2025-2026
PAK00889,Isha,Rao,11-SAPPHIRE,"Kavita Rao",Guardian,9765000889,kavita.rao.889@paramountkasrawad.edu,2025-2026
PAK00890,Farhan,Salve,11-SAPPHIRE,"Nirmala Singh",Guardian,9765000890,nirmala.singh.890@paramountkasrawad.edu,2025-2026
PAK00891,Sonia,Sharma,11-SAPPHIRE,"Pankaj Singh",Guardian,9765000891,pankaj.singh.891@paramountkasrawad.edu,2025-2026
PAK00892,Waqar,Chauhan,11-SAPPHIRE,"Anil Joshi",Father,9765000892,anil.joshi.892@paramountkasrawad.edu,2025-2026
PAK00893,Mohit,Chandel,11-SAPPHIRE,"Kavita Kapoor",Parent,9765000893,kavita.kapoor.893@paramountkasrawad.edu,2025-2026
PAK00894,Gaurav,Nair,11-SAPPHIRE,"Geeta Joshi",Mother,9765000894,geeta.joshi.894@paramountkasrawad.edu,2025-2026
PAK00895,Sanskriti,Khanna,11-SAPPHIRE,"Meena Arora",Guardian,9765000895,meena.arora.895@paramountkasrawad.edu,2025-2026
PAK00896,Chetan,Desai,11-SAPPHIRE,"Rajesh Malhotra",Father,9765000896,rajesh.malhotra.896@paramountkasrawad.edu,2025-2026
PAK00897,Pooja,Mehta,11-SAPPHIRE,"Jagdish Grewal",Parent,9765000897,jagdish.grewal.897@paramountkasrawad.edu,2025-2026
PAK00898,Gaurav,Shah,11-SAPPHIRE,"Pankaj Grewal",Mother,9765000898,pankaj.grewal.898@paramountkasrawad.edu,2025-2026
PAK00899,Dhruv,Khanna,11-SAPPHIRE,"Bharat Nair",Parent,9765000899,bharat.nair.899@paramountkasrawad.edu,2025-2026
PAK00900,Harsh,Khatri,11-SAPPHIRE,"Arvind Trivedi",Mother,9765000900,arvind.trivedi.900@paramountkasrawad.edu,2025-2026
PAK00901,Rohit,More,11-SAPPHIRE,"Gopal Menon",Parent,9765000901,gopal.menon.901@paramountkasrawad.edu,2025-2026
PAK00902,Keerat,Khatri,11-SAPPHIRE,"Pankaj Grewal",Guardian,9765000902,pankaj.grewal.902@paramountkasrawad.edu,2025-2026
PAK00903,Sonia,Khan,11-SAPPHIRE,"Priya Gaikwad",Guardian,9765000903,priya.gaikwad.903@paramountkasrawad.edu,2025-2026
PAK00904,Zara,Rao,11-SAPPHIRE,"Ashok Malhotra",Mother,9765000904,ashok.malhotra.904@paramountkasrawad.edu,2025-2026
PAK00905,Namrata,Yadav,11-SAPPHIRE,"Vinod Bhat",Father,9765000905,vinod.bhat.905@paramountkasrawad.edu,2025-2026
PAK00906,Jagdish,Gupta,11-SAPPHIRE,"Seema Bhat",Mother,9765000906,seema.bhat.906@paramountkasrawad.edu,2025-2026
PAK00907,Tanvi,Choudhary,11-SAPPHIRE,"Sanjeev Dhillon",Mother,9765000907,sanjeev.dhillon.907@paramountkasrawad.edu,2025-2026
PAK00908,Ajay,Farooqui,11-SAPPHIRE,"Savita Khanna",Mother,9765000908,savita.khanna.908@paramountkasrawad.edu,2025-2026
PAK00909,Waqar,Gaikwad,11-SAPPHIRE,"Jagdish Sahu",Mother,9765000909,jagdish.sahu.909@paramountkasrawad.edu,2025-2026
PAK00910,Ujjwal,Saxena,11-SAPPHIRE,"Suresh Srivastava",Parent,9765000910,suresh.srivastava.910@paramountkasrawad.edu,2025-2026
PAK00911,Pinkesh,Gupta,11-TOPAZ,"Pankaj Malhotra",Parent,9765000911,pankaj.malhotra.911@paramountkasrawad.edu,2025-2026
PAK00912,Rohit,Nair,11-TOPAZ,"Gopal Khatri",Guardian,9765000912,gopal.khatri.912@paramountkasrawad.edu,2025-2026
PAK00913,Avni,Menon,11-TOPAZ,"Nirmala Tiwari",Guardian,9765000913,nirmala.tiwari.913@paramountkasrawad.edu,2025-2026
PAK00914,Ravi,Patel,11-TOPAZ,"Meena Sidhu",Guardian,9765000914,meena.sidhu.914@paramountkasrawad.edu,2025-2026
PAK00915,Sneha,Sidhu,11-TOPAZ,"Rekha Trivedi",Guardian,9765000915,rekha.trivedi.915@paramountkasrawad.edu,2025-2026
PAK00916,Farhan,Rajput,11-TOPAZ,"Geeta More",Mother,9765000916,geeta.more.916@paramountkasrawad.edu,2025-2026
PAK00917,Pooja,Khan,11-TOPAZ,"Vinod Bhat",Guardian,9765000917,vinod.bhat.917@paramountkasrawad.edu,2025-2026
PAK00918,Pooja,Naik,11-TOPAZ,"Jagdish Khanna",Guardian,9765000918,jagdish.khanna.918@paramountkasrawad.edu,2025-2026
PAK00919,Laxmi,Yadav,11-TOPAZ,"Naresh Soni",Mother,9765000919,naresh.soni.919@paramountkasrawad.edu,2025-2026
PAK00920,Lakshmi,Rajput,11-TOPAZ,"Kishore Chauhan",Parent,9765000920,kishore.chauhan.920@paramountkasrawad.edu,2025-2026
PAK00921,Farhan,Kapoor,11-TOPAZ,"Anil Gupta",Father,9765000921,anil.gupta.921@paramountkasrawad.edu,2025-2026
PAK00922,Sanjeev,Naik,11-TOPAZ,"Priya Srivastava",Mother,9765000922,priya.srivastava.922@paramountkasrawad.edu,2025-2026
PAK00923,Ajay,Khatri,11-TOPAZ,"Rajesh Chauhan",Parent,9765000923,rajesh.chauhan.923@paramountkasrawad.edu,2025-2026
PAK00924,Sneha,Mirza,11-TOPAZ,"Naresh Dubey",Father,9765000924,naresh.dubey.924@paramountkasrawad.edu,2025-2026
PAK00925,Aryan,Joshi,11-TOPAZ,"Anil Dubey",Father,9765000925,anil.dubey.925@paramountkasrawad.edu,2025-2026
PAK00926,Sonia,Khatri,11-TOPAZ,"Savita Pandey",Father,9765000926,savita.pandey.926@paramountkasrawad.edu,2025-2026
PAK00927,Pooja,Gupta,11-TOPAZ,"Bharat Sahu",Father,9765000927,bharat.sahu.927@paramountkasrawad.edu,2025-2026
PAK00928,Ekta,Kaur,11-TOPAZ,"Rekha Shukla",Parent,9765000928,rekha.shukla.928@paramountkasrawad.edu,2025-2026
PAK00929,Ajay,Tiwari,11-TOPAZ,"Mahesh Srivastava",Guardian,9765000929,mahesh.srivastava.929@paramountkasrawad.edu,2025-2026
PAK00930,Anuj,Joshi,11-TOPAZ,"Mahesh Verma",Guardian,9765000930,mahesh.verma.930@paramountkasrawad.edu,2025-2026
PAK00931,Yash,Dubey,11-TOPAZ,"Geeta Yadav",Guardian,9765000931,geeta.yadav.931@paramountkasrawad.edu,2025-2026
PAK00932,Zaid,Jadav,11-TOPAZ,"Seema Chauhan",Mother,9765000932,seema.chauhan.932@paramountkasrawad.edu,2025-2026
PAK00933,Jatin,Sahu,11-TOPAZ,"Anil Saxena",Parent,9765000933,anil.saxena.933@paramountkasrawad.edu,2025-2026
PAK00934,Sanjay,Farooqui,11-TOPAZ,"Umesh Chauhan",Guardian,9765000934,umesh.chauhan.934@paramountkasrawad.edu,2025-2026
PAK00935,Laxmi,Shah,11-TOPAZ,"Rajesh Dubey",Father,9765000935,rajesh.dubey.935@paramountkasrawad.edu,2025-2026
PAK00936,Deepak,Soni,11-TOPAZ,"Deepa Naik",Father,9765000936,deepa.naik.936@paramountkasrawad.edu,2025-2026
PAK00937,Namrata,Trivedi,11-TOPAZ,"Seema Arora",Father,9765000937,seema.arora.937@paramountkasrawad.edu,2025-2026
PAK00938,Kavya,Chaurasia,11-TOPAZ,"Bharat Chaurasia",Father,9765000938,bharat.chaurasia.938@paramountkasrawad.edu,2025-2026
PAK00939,Zaid,Mehta,11-TOPAZ,"Priya Koshal",Guardian,9765000939,priya.koshal.939@paramountkasrawad.edu,2025-2026
PAK00940,Harsh,Soni,11-TOPAZ,"Ramesh Yadav",Parent,9765000940,ramesh.yadav.940@paramountkasrawad.edu,2025-2026
PAK00941,Uma,Khatri,11-TOPAZ,"Kavita Joshi",Father,9765000941,kavita.joshi.941@paramountkasrawad.edu,2025-2026
PAK00942,Avni,Mishra,11-TOPAZ,"Arvind Upadhyay",Mother,9765000942,arvind.upadhyay.942@paramountkasrawad.edu,2025-2026
PAK00943,Anuj,Desai,11-TOPAZ,"Jagdish Arora",Parent,9765000943,jagdish.arora.943@paramountkasrawad.edu,2025-2026
PAK00944,Laxmi,Soni,11-TOPAZ,"Arvind Patel",Guardian,9765000944,arvind.patel.944@paramountkasrawad.edu,2025-2026
PAK00945,Saloni,Chaurasia,11-TOPAZ,"Seema Chandel",Guardian,9765000945,seema.chandel.945@paramountkasrawad.edu,2025-2026
PAK00946,Zara,Dhillon,11-OPAL,"Harish Nair",Guardian,9765000946,harish.nair.946@paramountkasrawad.edu,2025-2026
PAK00947,Isha,Grewal,11-OPAL,"Deepa Rajput",Father,9765000947,deepa.rajput.947@paramountkasrawad.edu,2025-2026
PAK00948,Avni,Pandey,11-OPAL,"Pankaj Singh",Father,9765000948,pankaj.singh.948@paramountkasrawad.edu,2025-2026
PAK00949,Uma,Bhat,11-OPAL,"Geeta Patel",Parent,9765000949,geeta.patel.949@paramountkasrawad.edu,2025-2026
PAK00950,Tanvi,Desai,11-OPAL,"Priya Menon",Father,9765000950,priya.menon.950@paramountkasrawad.edu,2025-2026
PAK00951,Lakshmi,Sidhu,11-OPAL,"Arvind Mehta",Father,9765000951,arvind.mehta.951@paramountkasrawad.edu,2025-2026
PAK00952,Sunita,Mehta,11-OPAL,"Harish Pandey",Father,9765000952,harish.pandey.952@paramountkasrawad.edu,2025-2026
PAK00953,Yogesh,Gaikwad,11-OPAL,"Mahesh Farooqui",Father,9765000953,mahesh.farooqui.953@paramountkasrawad.edu,2025-2026
PAK00954,Tushar,Upadhyay,11-OPAL,"Ramesh Sharma",Parent,9765000954,ramesh.sharma.954@paramountkasrawad.edu,2025-2026
PAK00955,Ujjwal,Kaur,11-OPAL,"Deepa Nair",Guardian,9765000955,deepa.nair.955@paramountkasrawad.edu,2025-2026
PAK00956,Rakesh,Soni,11-OPAL,"Harish Choudhary",Parent,9765000956,harish.choudhary.956@paramountkasrawad.edu,2025-2026
PAK00957,Tushar,Nair,11-OPAL,"Satish Kumar",Mother,9765000957,satish.kumar.957@paramountkasrawad.edu,2025-2026
PAK00958,Mona,Farooqui,11-OPAL,"Rekha Mishra",Mother,9765000958,rekha.mishra.958@paramountkasrawad.edu,2025-2026
PAK00959,Ravi,Joshi,11-OPAL,"Vinod Reddy",Father,9765000959,vinod.reddy.959@paramountkasrawad.edu,2025-2026
PAK00960,Rahul,Pandey,11-OPAL,"Vinod Mirza",Father,9765000960,vinod.mirza.960@paramountkasrawad.edu,2025-2026
PAK00961,Uma,Mirza,11-OPAL,"Satish Rao",Mother,9765000961,satish.rao.961@paramountkasrawad.edu,2025-2026
PAK00962,Arjun,Rajput,11-OPAL,"Meena Shukla",Mother,9765000962,meena.shukla.962@paramountkasrawad.edu,2025-2026
PAK00963,Waqar,Dubey,11-OPAL,"Deepa Sahu",Mother,9765000963,deepa.sahu.963@paramountkasrawad.edu,2025-2026
PAK00964,Kavya,Kumar,11-OPAL,"Arvind Soni",Guardian,9765000964,arvind.soni.964@paramountkasrawad.edu,2025-2026
PAK00965,Rahul,Grewal,11-OPAL,"Bharat Kumar",Father,9765000965,bharat.kumar.965@paramountkasrawad.edu,2025-2026
PAK00966,Pooja,Kapoor,11-OPAL,"Mahesh Mirza",Parent,9765000966,mahesh.mirza.966@paramountkasrawad.edu,2025-2026
PAK00967,Anjali,Soni,11-OPAL,"Sanjeev Chandel",Parent,9765000967,sanjeev.chandel.967@paramountkasrawad.edu,2025-2026
PAK00968,Imran,Saxena,11-OPAL,"Ashok Desai",Father,9765000968,ashok.desai.968@paramountkasrawad.edu,2025-2026
PAK00969,Sunita,Sahu,11-OPAL,"Seema Bhat",Mother,9765000969,seema.bhat.969@paramountkasrawad.edu,2025-2026
PAK00970,Mona,Choudhary,11-OPAL,"Gopal Malhotra",Guardian,9765000970,gopal.malhotra.970@paramountkasrawad.edu,2025-2026
PAK00971,Divya,Nair,11-OPAL,"Ashok Singh",Mother,9765000971,ashok.singh.971@paramountkasrawad.edu,2025-2026
PAK00972,Qadir,Khan,11-OPAL,"Kishore Patel",Guardian,9765000972,kishore.patel.972@paramountkasrawad.edu,2025-2026
PAK00973,Sneha,Gaikwad,11-OPAL,"Vinod Shukla",Mother,9765000973,vinod.shukla.973@paramountkasrawad.edu,2025-2026
PAK00974,Alok,Kumar,11-OPAL,"Bharat Saxena",Parent,9765000974,bharat.saxena.974@paramountkasrawad.edu,2025-2026
PAK00975,Priya,Kapoor,11-OPAL,"Seema Rao",Parent,9765000975,seema.rao.975@paramountkasrawad.edu,2025-2026
PAK00976,Vijay,Khan,11-OPAL,"Ashok Verma",Guardian,9765000976,ashok.verma.976@paramountkasrawad.edu,2025-2026
PAK00977,Laxmi,Choudhary,11-OPAL,"Arvind Sharma",Parent,9765000977,arvind.sharma.977@paramountkasrawad.edu,2025-2026
PAK00978,Namrata,Saxena,11-OPAL,"Suresh Patel",Mother,9765000978,suresh.patel.978@paramountkasrawad.edu,2025-2026
PAK00979,Zaid,Khanna,11-OPAL,"Naresh Kumar",Mother,9765000979,naresh.kumar.979@paramountkasrawad.edu,2025-2026
PAK00980,Pooja,Saxena,11-OPAL,"Anil Pillai",Mother,9765000980,anil.pillai.980@paramountkasrawad.edu,2025-2026
PAK00981,Alok,Yadav,11-AMETHYST,"Meena Mirza",Father,9765000981,meena.mirza.981@paramountkasrawad.edu,2025-2026
PAK00982,Uma,Rao,11-AMETHYST,"Mahesh Chandel",Guardian,9765000982,mahesh.chandel.982@paramountkasrawad.edu,2025-2026
PAK00983,Ekta,Jadav,11-AMETHYST,"Mahesh Arora",Mother,9765000983,mahesh.arora.983@paramountkasrawad.edu,2025-2026
PAK00984,Rahul,Gaikwad,11-AMETHYST,"Deepa Chaurasia",Parent,9765000984,deepa.chaurasia.984@paramountkasrawad.edu,2025-2026
PAK00985,Gaurav,More,11-AMETHYST,"Nirmala Kumar",Parent,9765000985,nirmala.kumar.985@paramountkasrawad.edu,2025-2026
PAK00986,Deepak,Sidhu,11-AMETHYST,"Meena Jadav",Father,9765000986,meena.jadav.986@paramountkasrawad.edu,2025-2026
PAK00987,Avni,Kaur,11-AMETHYST,"Meena Nair",Guardian,9765000987,meena.nair.987@paramountkasrawad.edu,2025-2026
PAK00988,Mohit,Rajak,11-AMETHYST,"Naresh Sahu",Parent,9765000988,naresh.sahu.988@paramountkasrawad.edu,2025-2026
PAK00989,Sunita,Khan,11-AMETHYST,"Savita Choudhary",Father,9765000989,savita.choudhary.989@paramountkasrawad.edu,2025-2026
PAK00990,Ravi,Yadav,11-AMETHYST,"Naresh Dhillon",Parent,9765000990,naresh.dhillon.990@paramountkasrawad.edu,2025-2026
PAK00991,Jagdish,Pillai,11-AMETHYST,"Vinod Sahu",Father,9765000991,vinod.sahu.991@paramountkasrawad.edu,2025-2026
PAK00992,Nisha,Mehta,11-AMETHYST,"Arvind More",Parent,9765000992,arvind.more.992@paramountkasrawad.edu,2025-2026
PAK00993,Ajay,Gupta,11-AMETHYST,"Bharat Shukla",Mother,9765000993,bharat.shukla.993@paramountkasrawad.edu,2025-2026
PAK00994,Yash,Shukla,11-AMETHYST,"Savita Malhotra",Parent,9765000994,savita.malhotra.994@paramountkasrawad.edu,2025-2026
PAK00995,Zara,Reddy,11-AMETHYST,"Mahesh Dhillon",Father,9765000995,mahesh.dhillon.995@paramountkasrawad.edu,2025-2026
PAK00996,Vijay,Rajput,11-AMETHYST,"Kishore Khatri",Mother,9765000996,kishore.khatri.996@paramountkasrawad.edu,2025-2026
PAK00997,Divya,Khatri,11-AMETHYST,"Harish Mishra",Parent,9765000997,harish.mishra.997@paramountkasrawad.edu,2025-2026
PAK00998,Nisha,Kaur,11-AMETHYST,"Rekha Mehta",Father,9765000998,rekha.mehta.998@paramountkasrawad.edu,2025-2026
PAK00999,Aarav,Pillai,11-AMETHYST,"Vinod Soni",Parent,9765000999,vinod.soni.999@paramountkasrawad.edu,2025-2026
PAK01000,Om,Gaikwad,11-AMETHYST,"Arvind Salve",Father,9765001000,arvind.salve.1000@paramountkasrawad.edu,2025-2026
PAK01001,Tushar,Deshmukh,11-AMETHYST,"Arvind Khanna",Parent,9765001001,arvind.khanna.1001@paramountkasrawad.edu,2025-2026
PAK01002,Radha,Farooqui,11-AMETHYST,"Savita Qureshi",Father,9765001002,savita.qureshi.1002@paramountkasrawad.edu,2025-2026
PAK01003,Tanvi,Chaurasia,11-AMETHYST,"Rajesh Grewal",Guardian,9765001003,rajesh.grewal.1003@paramountkasrawad.edu,2025-2026
PAK01004,Ravi,Yadav,11-AMETHYST,"Priya Upadhyay",Parent,9765001004,priya.upadhyay.1004@paramountkasrawad.edu,2025-2026
PAK01005,Qadir,Chopra,11-AMETHYST,"Kishore Kumar",Parent,9765001005,kishore.kumar.1005@paramountkasrawad.edu,2025-2026
PAK01006,Jagdish,Salve,11-AMETHYST,"Nirmala Kaur",Guardian,9765001006,nirmala.kaur.1006@paramountkasrawad.edu,2025-2026
PAK01007,Ravi,Qureshi,11-AMETHYST,"Ramesh Farooqui",Mother,9765001007,ramesh.farooqui.1007@paramountkasrawad.edu,2025-2026
PAK01008,Amita,Kaur,11-AMETHYST,"Suresh Salve",Father,9765001008,suresh.salve.1008@paramountkasrawad.edu,2025-2026
PAK01009,Isha,Mirza,11-AMETHYST,"Ashok Gupta",Father,9765001009,ashok.gupta.1009@paramountkasrawad.edu,2025-2026
PAK01010,Waqar,Upadhyay,11-AMETHYST,"Rekha Grewal",Father,9765001010,rekha.grewal.1010@paramountkasrawad.edu,2025-2026
PAK01011,Omkar,Patel,11-AMETHYST,"Ashok Trivedi",Guardian,9765001011,ashok.trivedi.1011@paramountkasrawad.edu,2025-2026
PAK01012,Sanjay,Saxena,11-AMETHYST,"Priya Pandey",Mother,9765001012,priya.pandey.1012@paramountkasrawad.edu,2025-2026
PAK01013,Uma,Rajak,11-AMETHYST,"Naresh Chopra",Guardian,9765001013,naresh.chopra.1013@paramountkasrawad.edu,2025-2026
PAK01014,Chetan,Kumar,11-AMETHYST,"Meena Sharma",Guardian,9765001014,meena.sharma.1014@paramountkasrawad.edu,2025-2026
PAK01015,Jagdish,Chopra,11-AMETHYST,"Seema Reddy",Mother,9765001015,seema.reddy.1015@paramountkasrawad.edu,2025-2026
PAK01016,Arjun,Arora,11-PEARL,"Bharat Grewal",Parent,9765001016,bharat.grewal.1016@paramountkasrawad.edu,2025-2026
PAK01017,Keerat,Bhat,11-PEARL,"Jagdish Deshmukh",Parent,9765001017,jagdish.deshmukh.1017@paramountkasrawad.edu,2025-2026
PAK01018,Amita,Naik,11-PEARL,"Rekha Rao",Guardian,9765001018,rekha.rao.1018@paramountkasrawad.edu,2025-2026
PAK01019,Harsh,Reddy,11-PEARL,"Harish Khatri",Mother,9765001019,harish.khatri.1019@paramountkasrawad.edu,2025-2026
PAK01020,Rahul,Yadav,11-PEARL,"Arvind Salve",Parent,9765001020,arvind.salve.1020@paramountkasrawad.edu,2025-2026
PAK01021,Neha,Mirza,11-PEARL,"Suresh Rajput",Parent,9765001021,suresh.rajput.1021@paramountkasrawad.edu,2025-2026
PAK01022,Mohit,Sahu,11-PEARL,"Kishore Malhotra",Mother,9765001022,kishore.malhotra.1022@paramountkasrawad.edu,2025-2026
PAK01023,Sanskriti,Rajak,11-PEARL,"Kavita Sahu",Parent,9765001023,kavita.sahu.1023@paramountkasrawad.edu,2025-2026
PAK01024,Ujjwal,Khan,11-PEARL,"Kavita Choudhary",Mother,9765001024,kavita.choudhary.1024@paramountkasrawad.edu,2025-2026
PAK01025,Radha,Reddy,11-PEARL,"Sanjeev Desai",Mother,9765001025,sanjeev.desai.1025@paramountkasrawad.edu,2025-2026
PAK01026,Radha,Shah,11-PEARL,"Nirmala Khan",Parent,9765001026,nirmala.khan.1026@paramountkasrawad.edu,2025-2026
PAK01027,Aryan,Arora,11-PEARL,"Kavita Gupta",Mother,9765001027,kavita.gupta.1027@paramountkasrawad.edu,2025-2026
PAK01028,Vaishnavi,Choudhary,11-PEARL,"Priya Khatri",Guardian,9765001028,priya.khatri.1028@paramountkasrawad.edu,2025-2026
PAK01029,Isha,Dubey,11-PEARL,"Harish Joshi",Parent,9765001029,harish.joshi.1029@paramountkasrawad.edu,2025-2026
PAK01030,Radha,Khan,11-PEARL,"Nirmala Khatri",Mother,9765001030,nirmala.khatri.1030@paramountkasrawad.edu,2025-2026
PAK01031,Gaurav,Qureshi,11-PEARL,"Seema Joshi",Mother,9765001031,seema.joshi.1031@paramountkasrawad.edu,2025-2026
PAK01032,Sunita,Salve,11-PEARL,"Sanjeev Kumar",Father,9765001032,sanjeev.kumar.1032@paramountkasrawad.edu,2025-2026
PAK01033,Rakesh,Gaikwad,11-PEARL,"Arvind Pandey",Mother,9765001033,arvind.pandey.1033@paramountkasrawad.edu,2025-2026
PAK01034,Sanskriti,Jadav,11-PEARL,"Ashok Koshal",Father,9765001034,ashok.koshal.1034@paramountkasrawad.edu,2025-2026
PAK01035,Sanskriti,Salve,11-PEARL,"Vinod Patel",Father,9765001035,vinod.patel.1035@paramountkasrawad.edu,2025-2026
PAK01036,Laxmi,Malhotra,11-PEARL,"Meena Farooqui",Guardian,9765001036,meena.farooqui.1036@paramountkasrawad.edu,2025-2026
PAK01037,Farhan,Grewal,11-PEARL,"Deepa Srivastava",Guardian,9765001037,deepa.srivastava.1037@paramountkasrawad.edu,2025-2026
PAK01038,Mohit,Choudhary,11-PEARL,"Anil Srivastava",Guardian,9765001038,anil.srivastava.1038@paramountkasrawad.edu,2025-2026
PAK01039,Bhavna,Khatri,11-PEARL,"Geeta Dubey",Parent,9765001039,geeta.dubey.1039@paramountkasrawad.edu,2025-2026
PAK01040,Arjun,Dubey,11-PEARL,"Rajesh Bhat",Father,9765001040,rajesh.bhat.1040@paramountkasrawad.edu,2025-2026
PAK01041,Jagdish,Gupta,11-PEARL,"Deepa Gupta",Guardian,9765001041,deepa.gupta.1041@paramountkasrawad.edu,2025-2026
PAK01042,Nisha,Rajak,11-PEARL,"Harish Dubey",Parent,9765001042,harish.dubey.1042@paramountkasrawad.edu,2025-2026
PAK01043,Jagdish,Joshi,11-PEARL,"Pankaj Sharma",Parent,9765001043,pankaj.sharma.1043@paramountkasrawad.edu,2025-2026
PAK01044,Kartik,Chaurasia,11-PEARL,"Bharat Chandel",Parent,9765001044,bharat.chandel.1044@paramountkasrawad.edu,2025-2026
PAK01045,Qadir,Gaikwad,11-PEARL,"Geeta Singh",Parent,9765001045,geeta.singh.1045@paramountkasrawad.edu,2025-2026
PAK01046,Kavya,Naik,11-PEARL,"Satish Saxena",Father,9765001046,satish.saxena.1046@paramountkasrawad.edu,2025-2026
PAK01047,Farhan,Saxena,11-PEARL,"Mahesh Bhat",Mother,9765001047,mahesh.bhat.1047@paramountkasrawad.edu,2025-2026
PAK01048,Aarav,Chopra,11-PEARL,"Suresh Deshmukh",Father,9765001048,suresh.deshmukh.1048@paramountkasrawad.edu,2025-2026
PAK01049,Sunita,Shukla,11-PEARL,"Seema Arora",Father,9765001049,seema.arora.1049@paramountkasrawad.edu,2025-2026
PAK01050,Ujjwal,Shah,11-PEARL,"Kishore Joshi",Mother,9765001050,kishore.joshi.1050@paramountkasrawad.edu,2025-2026
PAK01051,Alok,Chaurasia,12-RUBY,"Ramesh Gaikwad",Guardian,9765001051,ramesh.gaikwad.1051@paramountkasrawad.edu,2025-2026
PAK01052,Aryan,Chaurasia,12-RUBY,"Harish Kapoor",Mother,9765001052,harish.kapoor.1052@paramountkasrawad.edu,2025-2026
PAK01053,Zaid,Singh,12-RUBY,"Naresh Dhillon",Guardian,9765001053,naresh.dhillon.1053@paramountkasrawad.edu,2025-2026
PAK01054,Pooja,Singh,12-RUBY,"Nirmala Naik",Parent,9765001054,nirmala.naik.1054@paramountkasrawad.edu,2025-2026
PAK01055,Isha,Dhillon,12-RUBY,"Umesh Bhat",Parent,9765001055,umesh.bhat.1055@paramountkasrawad.edu,2025-2026
PAK01056,Sonia,Kapoor,12-RUBY,"Geeta Rao",Father,9765001056,geeta.rao.1056@paramountkasrawad.edu,2025-2026
PAK01057,Priya,Deshmukh,12-RUBY,"Naresh Khatri",Parent,9765001057,naresh.khatri.1057@paramountkasrawad.edu,2025-2026
PAK01058,Chetan,Desai,12-RUBY,"Geeta Menon",Father,9765001058,geeta.menon.1058@paramountkasrawad.edu,2025-2026
PAK01059,Yash,Sharma,12-RUBY,"Nirmala Shukla",Father,9765001059,nirmala.shukla.1059@paramountkasrawad.edu,2025-2026
PAK01060,Waqar,Kaur,12-RUBY,"Rajesh Khan",Guardian,9765001060,rajesh.khan.1060@paramountkasrawad.edu,2025-2026
PAK01061,Zara,Gupta,12-RUBY,"Savita Koshal",Father,9765001061,savita.koshal.1061@paramountkasrawad.edu,2025-2026
PAK01062,Ujjwal,Choudhary,12-RUBY,"Priya Gaikwad",Parent,9765001062,priya.gaikwad.1062@paramountkasrawad.edu,2025-2026
PAK01063,Sonia,Soni,12-RUBY,"Pankaj Gupta",Guardian,9765001063,pankaj.gupta.1063@paramountkasrawad.edu,2025-2026
PAK01064,Tarun,Khan,12-RUBY,"Deepa Gaikwad",Mother,9765001064,deepa.gaikwad.1064@paramountkasrawad.edu,2025-2026
PAK01065,Lakshmi,Rajak,12-RUBY,"Anil Kumar",Parent,9765001065,anil.kumar.1065@paramountkasrawad.edu,2025-2026
PAK01066,Neha,Patel,12-RUBY,"Bharat Yadav",Father,9765001066,bharat.yadav.1066@paramountkasrawad.edu,2025-2026
PAK01067,Mona,Pillai,12-RUBY,"Savita Chopra",Father,9765001067,savita.chopra.1067@paramountkasrawad.edu,2025-2026
PAK01068,Isha,Kaur,12-RUBY,"Ashok Jadav",Father,9765001068,ashok.jadav.1068@paramountkasrawad.edu,2025-2026
PAK01069,Amita,More,12-RUBY,"Umesh Reddy",Mother,9765001069,umesh.reddy.1069@paramountkasrawad.edu,2025-2026
PAK01070,Alok,Gaikwad,12-RUBY,"Harish Chopra",Father,9765001070,harish.chopra.1070@paramountkasrawad.edu,2025-2026
PAK01071,Omkar,Deshmukh,12-RUBY,"Meena Tiwari",Father,9765001071,meena.tiwari.1071@paramountkasrawad.edu,2025-2026
PAK01072,Isha,Farooqui,12-RUBY,"Mahesh Mehta",Guardian,9765001072,mahesh.mehta.1072@paramountkasrawad.edu,2025-2026
PAK01073,Ekta,Arora,12-RUBY,"Priya Dhillon",Mother,9765001073,priya.dhillon.1073@paramountkasrawad.edu,2025-2026
PAK01074,Bhavna,Chaurasia,12-RUBY,"Naresh Dubey",Mother,9765001074,naresh.dubey.1074@paramountkasrawad.edu,2025-2026
PAK01075,Neha,Jadav,12-RUBY,"Seema Desai",Mother,9765001075,seema.desai.1075@paramountkasrawad.edu,2025-2026
PAK01076,Vaishnavi,Reddy,12-RUBY,"Jagdish Choudhary",Parent,9765001076,jagdish.choudhary.1076@paramountkasrawad.edu,2025-2026
PAK01077,Gaurav,Kaur,12-RUBY,"Arvind Saxena",Mother,9765001077,arvind.saxena.1077@paramountkasrawad.edu,2025-2026
PAK01078,Isha,Deshmukh,12-RUBY,"Suresh Tiwari",Parent,9765001078,suresh.tiwari.1078@paramountkasrawad.edu,2025-2026
PAK01079,Arjun,Srivastava,12-RUBY,"Priya Reddy",Parent,9765001079,priya.reddy.1079@paramountkasrawad.edu,2025-2026
PAK01080,Amita,Tiwari,12-RUBY,"Satish Mehta",Father,9765001080,satish.mehta.1080@paramountkasrawad.edu,2025-2026
PAK01081,Zara,Sahu,12-RUBY,"Ashok Rao",Guardian,9765001081,ashok.rao.1081@paramountkasrawad.edu,2025-2026
PAK01082,Gaurav,Jadav,12-RUBY,"Kavita Naik",Mother,9765001082,kavita.naik.1082@paramountkasrawad.edu,2025-2026
PAK01083,Priya,Soni,12-RUBY,"Jagdish Nair",Mother,9765001083,jagdish.nair.1083@paramountkasrawad.edu,2025-2026
PAK01084,Waqar,Yadav,12-RUBY,"Savita Rajput",Parent,9765001084,savita.rajput.1084@paramountkasrawad.edu,2025-2026
PAK01085,Aarav,Dhillon,12-RUBY,"Pankaj Kumar",Mother,9765001085,pankaj.kumar.1085@paramountkasrawad.edu,2025-2026
PAK01086,Priya,Qureshi,12-DIAMOND,"Bharat Kaur",Mother,9765001086,bharat.kaur.1086@paramountkasrawad.edu,2025-2026
PAK01087,Zaid,Tiwari,12-DIAMOND,"Seema Upadhyay",Parent,9765001087,seema.upadhyay.1087@paramountkasrawad.edu,2025-2026
PAK01088,Om,Farooqui,12-DIAMOND,"Jagdish Chauhan",Father,9765001088,jagdish.chauhan.1088@paramountkasrawad.edu,2025-2026
PAK01089,Alok,Sharma,12-DIAMOND,"Kavita Rajak",Father,9765001089,kavita.rajak.1089@paramountkasrawad.edu,2025-2026
PAK01090,Dhruv,Pandey,12-DIAMOND,"Anil Malhotra",Parent,9765001090,anil.malhotra.1090@paramountkasrawad.edu,2025-2026
PAK01091,Anjali,Chauhan,12-DIAMOND,"Ashok Mishra",Father,9765001091,ashok.mishra.1091@paramountkasrawad.edu,2025-2026
PAK01092,Tarun,Dhillon,12-DIAMOND,"Rajesh Kumar",Father,9765001092,rajesh.kumar.1092@paramountkasrawad.edu,2025-2026
PAK01093,Radha,Desai,12-DIAMOND,"Arvind Gupta",Mother,9765001093,arvind.gupta.1093@paramountkasrawad.edu,2025-2026
PAK01094,Ravi,Arora,12-DIAMOND,"Kavita Rajak",Guardian,9765001094,kavita.rajak.1094@paramountkasrawad.edu,2025-2026
PAK01095,Saloni,Rajak,12-DIAMOND,"Sanjeev Mehta",Parent,9765001095,sanjeev.mehta.1095@paramountkasrawad.edu,2025-2026
PAK01096,Chetan,Shukla,12-DIAMOND,"Suresh Jadav",Father,9765001096,suresh.jadav.1096@paramountkasrawad.edu,2025-2026
PAK01097,Aditya,Pandey,12-DIAMOND,"Rajesh Kumar",Father,9765001097,rajesh.kumar.1097@paramountkasrawad.edu,2025-2026
PAK01098,Vaishnavi,Shukla,12-DIAMOND,"Kavita Sharma",Father,9765001098,kavita.sharma.1098@paramountkasrawad.edu,2025-2026
PAK01099,Jatin,More,12-DIAMOND,"Seema Yadav",Guardian,9765001099,seema.yadav.1099@paramountkasrawad.edu,2025-2026
PAK01100,Vijay,Shah,12-DIAMOND,"Ashok Khatri",Mother,9765001100,ashok.khatri.1100@paramountkasrawad.edu,2025-2026
PAK01101,Divya,Grewal,12-DIAMOND,"Kishore Reddy",Father,9765001101,kishore.reddy.1101@paramountkasrawad.edu,2025-2026
PAK01102,Kartik,Kaur,12-DIAMOND,"Priya Qureshi",Parent,9765001102,priya.qureshi.1102@paramountkasrawad.edu,2025-2026
PAK01103,Zaid,Gupta,12-DIAMOND,"Kishore Khanna",Father,9765001103,kishore.khanna.1103@paramountkasrawad.edu,2025-2026
PAK01104,Ajay,Malhotra,12-DIAMOND,"Priya Chandel",Mother,9765001104,priya.chandel.1104@paramountkasrawad.edu,2025-2026
PAK01105,Tushar,Rajak,12-DIAMOND,"Nirmala Nair",Mother,9765001105,nirmala.nair.1105@paramountkasrawad.edu,2025-2026
PAK01106,Chetan,Shah,12-DIAMOND,"Satish Srivastava",Parent,9765001106,satish.srivastava.1106@paramountkasrawad.edu,2025-2026
PAK01107,Keerat,Salve,12-DIAMOND,"Nirmala Shukla",Parent,9765001107,nirmala.shukla.1107@paramountkasrawad.edu,2025-2026
PAK01108,Sneha,Dubey,12-DIAMOND,"Vinod Gupta",Parent,9765001108,vinod.gupta.1108@paramountkasrawad.edu,2025-2026
PAK01109,Pooja,Dubey,12-DIAMOND,"Rekha Singh",Father,9765001109,rekha.singh.1109@paramountkasrawad.edu,2025-2026
PAK01110,Arjun,Desai,12-DIAMOND,"Naresh Tiwari",Guardian,9765001110,naresh.tiwari.1110@paramountkasrawad.edu,2025-2026
PAK01111,Mohit,Dubey,12-DIAMOND,"Anil Upadhyay",Guardian,9765001111,anil.upadhyay.1111@paramountkasrawad.edu,2025-2026
PAK01112,Om,Rao,12-DIAMOND,"Satish Khatri",Parent,9765001112,satish.khatri.1112@paramountkasrawad.edu,2025-2026
PAK01113,Radha,More,12-DIAMOND,"Rekha Rajak",Guardian,9765001113,rekha.rajak.1113@paramountkasrawad.edu,2025-2026
PAK01114,Dhruv,Rao,12-DIAMOND,"Pankaj Naik",Mother,9765001114,pankaj.naik.1114@paramountkasrawad.edu,2025-2026
PAK01115,Tanvi,Mehta,12-DIAMOND,"Jagdish Grewal",Parent,9765001115,jagdish.grewal.1115@paramountkasrawad.edu,2025-2026
PAK01116,Rakesh,Verma,12-DIAMOND,"Rajesh Menon",Father,9765001116,rajesh.menon.1116@paramountkasrawad.edu,2025-2026
PAK01117,Ajay,Jadav,12-DIAMOND,"Seema Khatri",Mother,9765001117,seema.khatri.1117@paramountkasrawad.edu,2025-2026
PAK01118,Divya,Rao,12-DIAMOND,"Priya Grewal",Mother,9765001118,priya.grewal.1118@paramountkasrawad.edu,2025-2026
PAK01119,Anjali,Khanna,12-DIAMOND,"Priya Jadav",Father,9765001119,priya.jadav.1119@paramountkasrawad.edu,2025-2026
PAK01120,Ajay,Mehta,12-DIAMOND,"Anil Kaur",Parent,9765001120,anil.kaur.1120@paramountkasrawad.edu,2025-2026
PAK01121,Keerat,Pandey,12-EMERALD,"Umesh Pillai",Guardian,9765001121,umesh.pillai.1121@paramountkasrawad.edu,2025-2026
PAK01122,Aditya,Singh,12-EMERALD,"Satish Desai",Parent,9765001122,satish.desai.1122@paramountkasrawad.edu,2025-2026
PAK01123,Pooja,Arora,12-EMERALD,"Jagdish Chopra",Parent,9765001123,jagdish.chopra.1123@paramountkasrawad.edu,2025-2026
PAK01124,Imran,Rajput,12-EMERALD,"Kishore Dhillon",Mother,9765001124,kishore.dhillon.1124@paramountkasrawad.edu,2025-2026
PAK01125,Nisha,Choudhary,12-EMERALD,"Jagdish Jadav",Father,9765001125,jagdish.jadav.1125@paramountkasrawad.edu,2025-2026
PAK01126,Laxmi,Shukla,12-EMERALD,"Anil Chauhan",Parent,9765001126,anil.chauhan.1126@paramountkasrawad.edu,2025-2026
PAK01127,Deepak,Trivedi,12-EMERALD,"Kavita Patel",Parent,9765001127,kavita.patel.1127@paramountkasrawad.edu,2025-2026
PAK01128,Laxmi,Kapoor,12-EMERALD,"Gopal Rajak",Mother,9765001128,gopal.rajak.1128@paramountkasrawad.edu,2025-2026
PAK01129,Jagdish,Tiwari,12-EMERALD,"Meena Kaur",Guardian,9765001129,meena.kaur.1129@paramountkasrawad.edu,2025-2026
PAK01130,Anjali,Chaurasia,12-EMERALD,"Naresh Khatri",Parent,9765001130,naresh.khatri.1130@paramountkasrawad.edu,2025-2026
PAK01131,Jagdish,Chauhan,12-EMERALD,"Seema Arora",Mother,9765001131,seema.arora.1131@paramountkasrawad.edu,2025-2026
PAK01132,Gaurav,Gupta,12-EMERALD,"Ramesh Kumar",Father,9765001132,ramesh.kumar.1132@paramountkasrawad.edu,2025-2026
PAK01133,Chetan,Sharma,12-EMERALD,"Rekha Kapoor",Guardian,9765001133,rekha.kapoor.1133@paramountkasrawad.edu,2025-2026
PAK01134,Rahul,Qureshi,12-EMERALD,"Rekha Gupta",Mother,9765001134,rekha.gupta.1134@paramountkasrawad.edu,2025-2026
PAK01135,Aarav,Malhotra,12-EMERALD,"Rekha Rao",Parent,9765001135,rekha.rao.1135@paramountkasrawad.edu,2025-2026
PAK01136,Priya,Qureshi,12-EMERALD,"Arvind Nair",Father,9765001136,arvind.nair.1136@paramountkasrawad.edu,2025-2026
PAK01137,Kavya,Kaur,12-EMERALD,"Rajesh Jadav",Mother,9765001137,rajesh.jadav.1137@paramountkasrawad.edu,2025-2026
PAK01138,Arjun,Chaurasia,12-EMERALD,"Kavita Gupta",Guardian,9765001138,kavita.gupta.1138@paramountkasrawad.edu,2025-2026
PAK01139,Chetan,Rajput,12-EMERALD,"Satish Kumar",Mother,9765001139,satish.kumar.1139@paramountkasrawad.edu,2025-2026
PAK01140,Om,Dubey,12-EMERALD,"Bharat Pandey",Father,9765001140,bharat.pandey.1140@paramountkasrawad.edu,2025-2026
PAK01141,Lakshmi,Kapoor,12-EMERALD,"Gopal Soni",Parent,9765001141,gopal.soni.1141@paramountkasrawad.edu,2025-2026
PAK01142,Waqar,Khan,12-EMERALD,"Deepa Chandel",Guardian,9765001142,deepa.chandel.1142@paramountkasrawad.edu,2025-2026
PAK01143,Rahul,Gupta,12-EMERALD,"Ashok Kaur",Parent,9765001143,ashok.kaur.1143@paramountkasrawad.edu,2025-2026
PAK01144,Ujjwal,Desai,12-EMERALD,"Mahesh Tiwari",Guardian,9765001144,mahesh.tiwari.1144@paramountkasrawad.edu,2025-2026
PAK01145,Pinkesh,Jadav,12-EMERALD,"Meena Rao",Mother,9765001145,meena.rao.1145@paramountkasrawad.edu,2025-2026
PAK01146,Isha,Pillai,12-EMERALD,"Harish Koshal",Mother,9765001146,harish.koshal.1146@paramountkasrawad.edu,2025-2026
PAK01147,Kartik,Mishra,12-EMERALD,"Mahesh Mirza",Guardian,9765001147,mahesh.mirza.1147@paramountkasrawad.edu,2025-2026
PAK01148,Alok,Chaurasia,12-EMERALD,"Satish Menon",Mother,9765001148,satish.menon.1148@paramountkasrawad.edu,2025-2026
PAK01149,Sanskriti,Soni,12-EMERALD,"Jagdish More",Parent,9765001149,jagdish.more.1149@paramountkasrawad.edu,2025-2026
PAK01150,Waqar,Nair,12-EMERALD,"Naresh Pandey",Mother,9765001150,naresh.pandey.1150@paramountkasrawad.edu,2025-2026
PAK01151,Keerat,Salve,12-EMERALD,"Geeta Verma",Mother,9765001151,geeta.verma.1151@paramountkasrawad.edu,2025-2026
PAK01152,Bhavna,Soni,12-EMERALD,"Pankaj Patel",Mother,9765001152,pankaj.patel.1152@paramountkasrawad.edu,2025-2026
PAK01153,Harsh,Chauhan,12-EMERALD,"Sanjeev Pillai",Mother,9765001153,sanjeev.pillai.1153@paramountkasrawad.edu,2025-2026
PAK01154,Aryan,Sidhu,12-EMERALD,"Pankaj Qureshi",Parent,9765001154,pankaj.qureshi.1154@paramountkasrawad.edu,2025-2026
PAK01155,Sunita,Kapoor,12-EMERALD,"Vinod Koshal",Parent,9765001155,vinod.koshal.1155@paramountkasrawad.edu,2025-2026
PAK01156,Rohit,Verma,12-SAPPHIRE,"Suresh Shah",Mother,9765001156,suresh.shah.1156@paramountkasrawad.edu,2025-2026
PAK01157,Sanjay,Desai,12-SAPPHIRE,"Rekha Verma",Father,9765001157,rekha.verma.1157@paramountkasrawad.edu,2025-2026
PAK01158,Rahul,Joshi,12-SAPPHIRE,"Meena Bhat",Guardian,9765001158,meena.bhat.1158@paramountkasrawad.edu,2025-2026
PAK01159,Bhoomika,Mirza,12-SAPPHIRE,"Geeta Arora",Father,9765001159,geeta.arora.1159@paramountkasrawad.edu,2025-2026
PAK01160,Rahul,Choudhary,12-SAPPHIRE,"Rajesh Gaikwad",Parent,9765001160,rajesh.gaikwad.1160@paramountkasrawad.edu,2025-2026
PAK01161,Anjali,Yadav,12-SAPPHIRE,"Seema Sharma",Guardian,9765001161,seema.sharma.1161@paramountkasrawad.edu,2025-2026
PAK01162,Anjali,Shah,12-SAPPHIRE,"Satish Chopra",Parent,9765001162,satish.chopra.1162@paramountkasrawad.edu,2025-2026
PAK01163,Bhoomika,Verma,12-SAPPHIRE,"Sanjeev Gupta",Guardian,9765001163,sanjeev.gupta.1163@paramountkasrawad.edu,2025-2026
PAK01164,Bhavna,Khanna,12-SAPPHIRE,"Satish Pillai",Guardian,9765001164,satish.pillai.1164@paramountkasrawad.edu,2025-2026
PAK01165,Tanvi,Khanna,12-SAPPHIRE,"Nirmala Choudhary",Guardian,9765001165,nirmala.choudhary.1165@paramountkasrawad.edu,2025-2026
PAK01166,Heena,Desai,12-SAPPHIRE,"Umesh Farooqui",Father,9765001166,umesh.farooqui.1166@paramountkasrawad.edu,2025-2026
PAK01167,Pinkesh,Joshi,12-SAPPHIRE,"Rajesh Arora",Mother,9765001167,rajesh.arora.1167@paramountkasrawad.edu,2025-2026
PAK01168,Sanjay,Gupta,12-SAPPHIRE,"Suresh Khan",Parent,9765001168,suresh.khan.1168@paramountkasrawad.edu,2025-2026
PAK01169,Ujjwal,Mirza,12-SAPPHIRE,"Kavita Gupta",Mother,9765001169,kavita.gupta.1169@paramountkasrawad.edu,2025-2026
PAK01170,Deepak,Sahu,12-SAPPHIRE,"Umesh Joshi",Father,9765001170,umesh.joshi.1170@paramountkasrawad.edu,2025-2026
PAK01171,Farhan,Kaur,12-SAPPHIRE,"Anil Nair",Parent,9765001171,anil.nair.1171@paramountkasrawad.edu,2025-2026
PAK01172,Rohit,Malhotra,12-SAPPHIRE,"Sanjeev Dubey",Mother,9765001172,sanjeev.dubey.1172@paramountkasrawad.edu,2025-2026
PAK01173,Waqar,Sidhu,12-SAPPHIRE,"Pankaj Soni",Father,9765001173,pankaj.soni.1173@paramountkasrawad.edu,2025-2026
PAK01174,Uma,Jadav,12-SAPPHIRE,"Sanjeev Yadav",Parent,9765001174,sanjeev.yadav.1174@paramountkasrawad.edu,2025-2026
PAK01175,Vaishnavi,Menon,12-SAPPHIRE,"Mahesh Reddy",Parent,9765001175,mahesh.reddy.1175@paramountkasrawad.edu,2025-2026
PAK01176,Imran,Chandel,12-SAPPHIRE,"Harish Shah",Mother,9765001176,harish.shah.1176@paramountkasrawad.edu,2025-2026
PAK01177,Pooja,Farooqui,12-SAPPHIRE,"Ramesh Dubey",Parent,9765001177,ramesh.dubey.1177@paramountkasrawad.edu,2025-2026
PAK01178,Farhan,Gupta,12-SAPPHIRE,"Bharat Chauhan",Guardian,9765001178,bharat.chauhan.1178@paramountkasrawad.edu,2025-2026
PAK01179,Isha,More,12-SAPPHIRE,"Rekha Chauhan",Parent,9765001179,rekha.chauhan.1179@paramountkasrawad.edu,2025-2026
PAK01180,Aditya,Tiwari,12-SAPPHIRE,"Meena Chaurasia",Mother,9765001180,meena.chaurasia.1180@paramountkasrawad.edu,2025-2026
PAK01181,Yash,Yadav,12-SAPPHIRE,"Umesh Khatri",Father,9765001181,umesh.khatri.1181@paramountkasrawad.edu,2025-2026
PAK01182,Sonia,Srivastava,12-SAPPHIRE,"Jagdish Saxena",Guardian,9765001182,jagdish.saxena.1182@paramountkasrawad.edu,2025-2026
PAK01183,Rahul,Desai,12-SAPPHIRE,"Umesh Sharma",Guardian,9765001183,umesh.sharma.1183@paramountkasrawad.edu,2025-2026
PAK01184,Sanjeev,Dubey,12-SAPPHIRE,"Kishore Tiwari",Parent,9765001184,kishore.tiwari.1184@paramountkasrawad.edu,2025-2026
PAK01185,Qadir,Desai,12-SAPPHIRE,"Rajesh Koshal",Guardian,9765001185,rajesh.koshal.1185@paramountkasrawad.edu,2025-2026
PAK01186,Jagdish,Saxena,12-SAPPHIRE,"Kavita Reddy",Parent,9765001186,kavita.reddy.1186@paramountkasrawad.edu,2025-2026
PAK01187,Kartik,Naik,12-SAPPHIRE,"Gopal Kapoor",Mother,9765001187,gopal.kapoor.1187@paramountkasrawad.edu,2025-2026
PAK01188,Pinkesh,Gupta,12-SAPPHIRE,"Jagdish Chandel",Father,9765001188,jagdish.chandel.1188@paramountkasrawad.edu,2025-2026
PAK01189,Jatin,Trivedi,12-SAPPHIRE,"Kavita Menon",Parent,9765001189,kavita.menon.1189@paramountkasrawad.edu,2025-2026
PAK01190,Bhoomika,Nair,12-SAPPHIRE,"Suresh Khatri",Mother,9765001190,suresh.khatri.1190@paramountkasrawad.edu,2025-2026
PAK01191,Tanvi,Mishra,12-TOPAZ,"Nirmala Deshmukh",Parent,9765001191,nirmala.deshmukh.1191@paramountkasrawad.edu,2025-2026
PAK01192,Sonia,Kaur,12-TOPAZ,"Nirmala Reddy",Parent,9765001192,nirmala.reddy.1192@paramountkasrawad.edu,2025-2026
PAK01193,Aarav,More,12-TOPAZ,"Priya Yadav",Father,9765001193,priya.yadav.1193@paramountkasrawad.edu,2025-2026
PAK01194,Anjali,Tiwari,12-TOPAZ,"Priya Khatri",Father,9765001194,priya.khatri.1194@paramountkasrawad.edu,2025-2026
PAK01195,Laxmi,Soni,12-TOPAZ,"Kavita Salve",Guardian,9765001195,kavita.salve.1195@paramountkasrawad.edu,2025-2026
PAK01196,Rohit,Shah,12-TOPAZ,"Geeta Mirza",Mother,9765001196,geeta.mirza.1196@paramountkasrawad.edu,2025-2026
PAK01197,Sonia,Soni,12-TOPAZ,"Vinod Mehta",Parent,9765001197,vinod.mehta.1197@paramountkasrawad.edu,2025-2026
PAK01198,Vijay,Arora,12-TOPAZ,"Ashok Mishra",Guardian,9765001198,ashok.mishra.1198@paramountkasrawad.edu,2025-2026
PAK01199,Gaurav,Sahu,12-TOPAZ,"Pankaj Gupta",Father,9765001199,pankaj.gupta.1199@paramountkasrawad.edu,2025-2026
PAK01200,Tanvi,Kaur,12-TOPAZ,"Kavita Kaur",Parent,9765001200,kavita.kaur.1200@paramountkasrawad.edu,2025-2026
PAK01201,Ekta,Upadhyay,12-TOPAZ,"Nirmala Grewal",Parent,9765001201,nirmala.grewal.1201@paramountkasrawad.edu,2025-2026
PAK01202,Yogesh,Deshmukh,12-TOPAZ,"Satish Patel",Father,9765001202,satish.patel.1202@paramountkasrawad.edu,2025-2026
PAK01203,Aarav,Choudhary,12-TOPAZ,"Anil Jadav",Parent,9765001203,anil.jadav.1203@paramountkasrawad.edu,2025-2026
PAK01204,Aryan,Naik,12-TOPAZ,"Bharat Chaurasia",Mother,9765001204,bharat.chaurasia.1204@paramountkasrawad.edu,2025-2026
PAK01205,Anjali,Sidhu,12-TOPAZ,"Ashok Rao",Parent,9765001205,ashok.rao.1205@paramountkasrawad.edu,2025-2026
PAK01206,Sanjeev,Joshi,12-TOPAZ,"Ashok Pandey",Guardian,9765001206,ashok.pandey.1206@paramountkasrawad.edu,2025-2026
PAK01207,Jatin,Kumar,12-TOPAZ,"Seema Rajak",Father,9765001207,seema.rajak.1207@paramountkasrawad.edu,2025-2026
PAK01208,Tanvi,Kapoor,12-TOPAZ,"Sanjeev Rajak",Parent,9765001208,sanjeev.rajak.1208@paramountkasrawad.edu,2025-2026
PAK01209,Sanjay,Farooqui,12-TOPAZ,"Meena Khanna",Guardian,9765001209,meena.khanna.1209@paramountkasrawad.edu,2025-2026
PAK01210,Bhavna,Rao,12-TOPAZ,"Jagdish Jadav",Father,9765001210,jagdish.jadav.1210@paramountkasrawad.edu,2025-2026
PAK01211,Farhan,Dhillon,12-TOPAZ,"Jagdish Chaurasia",Guardian,9765001211,jagdish.chaurasia.1211@paramountkasrawad.edu,2025-2026
PAK01212,Kartik,Sidhu,12-TOPAZ,"Savita Koshal",Father,9765001212,savita.koshal.1212@paramountkasrawad.edu,2025-2026
PAK01213,Rakesh,Chaurasia,12-TOPAZ,"Geeta Srivastava",Guardian,9765001213,geeta.srivastava.1213@paramountkasrawad.edu,2025-2026
PAK01214,Pinkesh,Grewal,12-TOPAZ,"Kishore Chopra",Father,9765001214,kishore.chopra.1214@paramountkasrawad.edu,2025-2026
PAK01215,Sonia,Sharma,12-TOPAZ,"Naresh Chopra",Mother,9765001215,naresh.chopra.1215@paramountkasrawad.edu,2025-2026
PAK01216,Ujjwal,Khan,12-TOPAZ,"Rekha Chandel",Guardian,9765001216,rekha.chandel.1216@paramountkasrawad.edu,2025-2026
PAK01217,Aditya,Yadav,12-TOPAZ,"Satish Nair",Mother,9765001217,satish.nair.1217@paramountkasrawad.edu,2025-2026
PAK01218,Deepak,Choudhary,12-TOPAZ,"Satish Tiwari",Parent,9765001218,satish.tiwari.1218@paramountkasrawad.edu,2025-2026
PAK01219,Zara,Menon,12-TOPAZ,"Kavita Pandey",Mother,9765001219,kavita.pandey.1219@paramountkasrawad.edu,2025-2026
PAK01220,Ravi,Bhat,12-TOPAZ,"Pankaj Qureshi",Father,9765001220,pankaj.qureshi.1220@paramountkasrawad.edu,2025-2026
PAK01221,Vijay,Kaur,12-TOPAZ,"Geeta Desai",Father,9765001221,geeta.desai.1221@paramountkasrawad.edu,2025-2026
PAK01222,Mohit,Rajput,12-TOPAZ,"Geeta Nair",Parent,9765001222,geeta.nair.1222@paramountkasrawad.edu,2025-2026
PAK01223,Alok,Desai,12-TOPAZ,"Satish Reddy",Father,9765001223,satish.reddy.1223@paramountkasrawad.edu,2025-2026
PAK01224,Ravi,Gupta,12-TOPAZ,"Priya Mehta",Guardian,9765001224,priya.mehta.1224@paramountkasrawad.edu,2025-2026
PAK01225,Mohit,Malhotra,12-TOPAZ,"Meena Kaur",Father,9765001225,meena.kaur.1225@paramountkasrawad.edu,2025-2026
PAK01226,Heena,Mehta,12-OPAL,"Suresh Shah",Parent,9765001226,suresh.shah.1226@paramountkasrawad.edu,2025-2026
PAK01227,Tanvi,Shah,12-OPAL,"Anil Yadav",Parent,9765001227,anil.yadav.1227@paramountkasrawad.edu,2025-2026
PAK01228,Rohit,Saxena,12-OPAL,"Rajesh Khatri",Parent,9765001228,rajesh.khatri.1228@paramountkasrawad.edu,2025-2026
PAK01229,Neha,Srivastava,12-OPAL,"Gopal Bhat",Guardian,9765001229,gopal.bhat.1229@paramountkasrawad.edu,2025-2026
PAK01230,Tushar,Rajput,12-OPAL,"Priya More",Guardian,9765001230,priya.more.1230@paramountkasrawad.edu,2025-2026
PAK01231,Kartik,Koshal,12-OPAL,"Bharat Choudhary",Guardian,9765001231,bharat.choudhary.1231@paramountkasrawad.edu,2025-2026
PAK01232,Mohit,Singh,12-OPAL,"Seema Verma",Parent,9765001232,seema.verma.1232@paramountkasrawad.edu,2025-2026
PAK01233,Aarav,Shah,12-OPAL,"Mahesh Salve",Father,9765001233,mahesh.salve.1233@paramountkasrawad.edu,2025-2026
PAK01234,Ekta,Chaurasia,12-OPAL,"Satish Upadhyay",Mother,9765001234,satish.upadhyay.1234@paramountkasrawad.edu,2025-2026
PAK01235,Vijay,Pandey,12-OPAL,"Harish Menon",Father,9765001235,harish.menon.1235@paramountkasrawad.edu,2025-2026
PAK01236,Pooja,Farooqui,12-OPAL,"Mahesh Patel",Mother,9765001236,mahesh.patel.1236@paramountkasrawad.edu,2025-2026
PAK01237,Qadir,Sidhu,12-OPAL,"Kavita Dubey",Mother,9765001237,kavita.dubey.1237@paramountkasrawad.edu,2025-2026
PAK01238,Lakshmi,Rajak,12-OPAL,"Umesh Koshal",Mother,9765001238,umesh.koshal.1238@paramountkasrawad.edu,2025-2026
PAK01239,Tanvi,Soni,12-OPAL,"Rajesh Kumar",Parent,9765001239,rajesh.kumar.1239@paramountkasrawad.edu,2025-2026
PAK01240,Sanjeev,Menon,12-OPAL,"Meena Yadav",Mother,9765001240,meena.yadav.1240@paramountkasrawad.edu,2025-2026
PAK01241,Sonia,Soni,12-OPAL,"Ramesh Dubey",Guardian,9765001241,ramesh.dubey.1241@paramountkasrawad.edu,2025-2026
PAK01242,Tarun,Desai,12-OPAL,"Ramesh Chopra",Father,9765001242,ramesh.chopra.1242@paramountkasrawad.edu,2025-2026
PAK01243,Farhan,Malhotra,12-OPAL,"Harish Rajak",Mother,9765001243,harish.rajak.1243@paramountkasrawad.edu,2025-2026
PAK01244,Bhavna,Koshal,12-OPAL,"Gopal Khan",Guardian,9765001244,gopal.khan.1244@paramountkasrawad.edu,2025-2026
PAK01245,Pinkesh,Choudhary,12-OPAL,"Kishore Rajak",Guardian,9765001245,kishore.rajak.1245@paramountkasrawad.edu,2025-2026
PAK01246,Aditya,Srivastava,12-OPAL,"Savita Mishra",Mother,9765001246,savita.mishra.1246@paramountkasrawad.edu,2025-2026
PAK01247,Anjali,Reddy,12-OPAL,"Mahesh Desai",Guardian,9765001247,mahesh.desai.1247@paramountkasrawad.edu,2025-2026
PAK01248,Sanskriti,Dhillon,12-OPAL,"Deepa Menon",Guardian,9765001248,deepa.menon.1248@paramountkasrawad.edu,2025-2026
PAK01249,Heena,Bhat,12-OPAL,"Savita Koshal",Father,9765001249,savita.koshal.1249@paramountkasrawad.edu,2025-2026
PAK01250,Kavya,Patel,12-OPAL,"Arvind Deshmukh",Parent,9765001250,arvind.deshmukh.1250@paramountkasrawad.edu,2025-2026
PAK01251,Isha,Gupta,12-OPAL,"Ashok Khanna",Parent,9765001251,ashok.khanna.1251@paramountkasrawad.edu,2025-2026
PAK01252,Rakesh,Menon,12-OPAL,"Vinod Rajput",Guardian,9765001252,vinod.rajput.1252@paramountkasrawad.edu,2025-2026
PAK01253,Waqar,Jadav,12-OPAL,"Ashok Shukla",Parent,9765001253,ashok.shukla.1253@paramountkasrawad.edu,2025-2026
PAK01254,Om,Arora,12-OPAL,"Bharat Deshmukh",Guardian,9765001254,bharat.deshmukh.1254@paramountkasrawad.edu,2025-2026
PAK01255,Zara,Grewal,12-OPAL,"Sanjeev Sharma",Mother,9765001255,sanjeev.sharma.1255@paramountkasrawad.edu,2025-2026
PAK01256,Omkar,Jadav,12-OPAL,"Vinod Qureshi",Father,9765001256,vinod.qureshi.1256@paramountkasrawad.edu,2025-2026
PAK01257,Kartik,Singh,12-OPAL,"Rajesh Sahu",Parent,9765001257,rajesh.sahu.1257@paramountkasrawad.edu,2025-2026
PAK01258,Tarun,Pillai,12-OPAL,"Anil Jadav",Parent,9765001258,anil.jadav.1258@paramountkasrawad.edu,2025-2026
PAK01259,Farhan,Dubey,12-OPAL,"Naresh Sharma",Guardian,9765001259,naresh.sharma.1259@paramountkasrawad.edu,2025-2026
PAK01260,Aditya,Tiwari,12-OPAL,"Arvind Mehta",Mother,9765001260,arvind.mehta.1260@paramountkasrawad.edu,2025-2026
PAK01261,Kavya,Mehta,12-AMETHYST,"Seema Pillai",Parent,9765001261,seema.pillai.1261@paramountkasrawad.edu,2025-2026
PAK01262,Anjali,Mishra,12-AMETHYST,"Harish Chauhan",Mother,9765001262,harish.chauhan.1262@paramountkasrawad.edu,2025-2026
PAK01263,Kavya,Menon,12-AMETHYST,"Kavita Nair",Mother,9765001263,kavita.nair.1263@paramountkasrawad.edu,2025-2026
PAK01264,Amita,Pandey,12-AMETHYST,"Kishore Singh",Father,9765001264,kishore.singh.1264@paramountkasrawad.edu,2025-2026
PAK01265,Waqar,Upadhyay,12-AMETHYST,"Seema Kaur",Mother,9765001265,seema.kaur.1265@paramountkasrawad.edu,2025-2026
PAK01266,Sunita,Salve,12-AMETHYST,"Umesh Dubey",Mother,9765001266,umesh.dubey.1266@paramountkasrawad.edu,2025-2026
PAK01267,Radha,Gupta,12-AMETHYST,"Nirmala Dhillon",Guardian,9765001267,nirmala.dhillon.1267@paramountkasrawad.edu,2025-2026
PAK01268,Yogesh,Verma,12-AMETHYST,"Anil Trivedi",Parent,9765001268,anil.trivedi.1268@paramountkasrawad.edu,2025-2026
PAK01269,Heena,Kapoor,12-AMETHYST,"Umesh Verma",Mother,9765001269,umesh.verma.1269@paramountkasrawad.edu,2025-2026
PAK01270,Sneha,Sidhu,12-AMETHYST,"Suresh Naik",Guardian,9765001270,suresh.naik.1270@paramountkasrawad.edu,2025-2026
PAK01271,Kartik,Naik,12-AMETHYST,"Deepa Khatri",Guardian,9765001271,deepa.khatri.1271@paramountkasrawad.edu,2025-2026
PAK01272,Kartik,Patel,12-AMETHYST,"Pankaj Khatri",Father,9765001272,pankaj.khatri.1272@paramountkasrawad.edu,2025-2026
PAK01273,Isha,Nair,12-AMETHYST,"Ashok Sharma",Guardian,9765001273,ashok.sharma.1273@paramountkasrawad.edu,2025-2026
PAK01274,Avni,Upadhyay,12-AMETHYST,"Deepa Singh",Mother,9765001274,deepa.singh.1274@paramountkasrawad.edu,2025-2026
PAK01275,Anuj,Mishra,12-AMETHYST,"Mahesh Arora",Parent,9765001275,mahesh.arora.1275@paramountkasrawad.edu,2025-2026
PAK01276,Pinkesh,Arora,12-AMETHYST,"Seema Soni",Mother,9765001276,seema.soni.1276@paramountkasrawad.edu,2025-2026
PAK01277,Yogesh,Sidhu,12-AMETHYST,"Kishore Pillai",Parent,9765001277,kishore.pillai.1277@paramountkasrawad.edu,2025-2026
PAK01278,Anuj,Chopra,12-AMETHYST,"Deepa Pillai",Mother,9765001278,deepa.pillai.1278@paramountkasrawad.edu,2025-2026
PAK01279,Imran,Kumar,12-AMETHYST,"Rekha Trivedi",Guardian,9765001279,rekha.trivedi.1279@paramountkasrawad.edu,2025-2026
PAK01280,Sanskriti,Grewal,12-AMETHYST,"Bharat Kaur",Mother,9765001280,bharat.kaur.1280@paramountkasrawad.edu,2025-2026
PAK01281,Tarun,Rajput,12-AMETHYST,"Anil Gupta",Mother,9765001281,anil.gupta.1281@paramountkasrawad.edu,2025-2026
PAK01282,Vaishnavi,Chopra,12-AMETHYST,"Bharat Nair",Parent,9765001282,bharat.nair.1282@paramountkasrawad.edu,2025-2026
PAK01283,Kartik,Sahu,12-AMETHYST,"Rajesh Soni",Father,9765001283,rajesh.soni.1283@paramountkasrawad.edu,2025-2026
PAK01284,Namrata,Dubey,12-AMETHYST,"Meena Upadhyay",Guardian,9765001284,meena.upadhyay.1284@paramountkasrawad.edu,2025-2026
PAK01285,Ajay,Sharma,12-AMETHYST,"Nirmala Nair",Parent,9765001285,nirmala.nair.1285@paramountkasrawad.edu,2025-2026
PAK01286,Rakesh,Sharma,12-AMETHYST,"Naresh Mehta",Father,9765001286,naresh.mehta.1286@paramountkasrawad.edu,2025-2026
PAK01287,Imran,Singh,12-AMETHYST,"Nirmala Nair",Guardian,9765001287,nirmala.nair.1287@paramountkasrawad.edu,2025-2026
PAK01288,Farhan,Shah,12-AMETHYST,"Bharat Dhillon",Parent,9765001288,bharat.dhillon.1288@paramountkasrawad.edu,2025-2026
PAK01289,Zara,Upadhyay,12-AMETHYST,"Pankaj Rajak",Parent,9765001289,pankaj.rajak.1289@paramountkasrawad.edu,2025-2026
PAK01290,Qadir,Sahu,12-AMETHYST,"Savita Soni",Father,9765001290,savita.soni.1290@paramountkasrawad.edu,2025-2026
PAK01291,Om,Saxena,12-AMETHYST,"Deepa Saxena",Mother,9765001291,deepa.saxena.1291@paramountkasrawad.edu,2025-2026
PAK01292,Aditya,Desai,12-AMETHYST,"Meena Kaur",Parent,9765001292,meena.kaur.1292@paramountkasrawad.edu,2025-2026
PAK01293,Anjali,Patel,12-AMETHYST,"Rajesh Mishra",Guardian,9765001293,rajesh.mishra.1293@paramountkasrawad.edu,2025-2026
PAK01294,Pooja,Dhillon,12-AMETHYST,"Ashok Farooqui",Parent,9765001294,ashok.farooqui.1294@paramountkasrawad.edu,2025-2026
PAK01295,Rohit,Chaurasia,12-AMETHYST,"Jagdish Arora",Guardian,9765001295,jagdish.arora.1295@paramountkasrawad.edu,2025-2026
PAK01296,Amita,Farooqui,12-PEARL,"Seema Reddy",Mother,9765001296,seema.reddy.1296@paramountkasrawad.edu,2025-2026
PAK01297,Waqar,Verma,12-PEARL,"Priya Kumar",Mother,9765001297,priya.kumar.1297@paramountkasrawad.edu,2025-2026
PAK01298,Pooja,Rajput,12-PEARL,"Satish Kaur",Guardian,9765001298,satish.kaur.1298@paramountkasrawad.edu,2025-2026
PAK01299,Aryan,Kaur,12-PEARL,"Satish Khan",Parent,9765001299,satish.khan.1299@paramountkasrawad.edu,2025-2026
PAK01300,Kavya,Jadav,12-PEARL,"Anil Chandel",Mother,9765001300,anil.chandel.1300@paramountkasrawad.edu,2025-2026
PAK01301,Laxmi,Qureshi,12-PEARL,"Priya Choudhary",Mother,9765001301,priya.choudhary.1301@paramountkasrawad.edu,2025-2026
PAK01302,Mona,Mehta,12-PEARL,"Deepa Farooqui",Father,9765001302,deepa.farooqui.1302@paramountkasrawad.edu,2025-2026
PAK01303,Sunita,Gupta,12-PEARL,"Sanjeev Arora",Parent,9765001303,sanjeev.arora.1303@paramountkasrawad.edu,2025-2026
PAK01304,Arjun,Verma,12-PEARL,"Gopal Bhat",Father,9765001304,gopal.bhat.1304@paramountkasrawad.edu,2025-2026
PAK01305,Uma,Khanna,12-PEARL,"Satish Nair",Guardian,9765001305,satish.nair.1305@paramountkasrawad.edu,2025-2026
PAK01306,Jatin,Jadav,12-PEARL,"Suresh Desai",Father,9765001306,suresh.desai.1306@paramountkasrawad.edu,2025-2026
PAK01307,Sonia,Desai,12-PEARL,"Savita Kumar",Parent,9765001307,savita.kumar.1307@paramountkasrawad.edu,2025-2026
PAK01308,Gaurav,Khatri,12-PEARL,"Naresh Chauhan",Father,9765001308,naresh.chauhan.1308@paramountkasrawad.edu,2025-2026
PAK01309,Arjun,Mirza,12-PEARL,"Pankaj Choudhary",Parent,9765001309,pankaj.choudhary.1309@paramountkasrawad.edu,2025-2026
PAK01310,Ujjwal,Naik,12-PEARL,"Satish Mishra",Guardian,9765001310,satish.mishra.1310@paramountkasrawad.edu,2025-2026
PAK01311,Keerat,Bhat,12-PEARL,"Anil Bhat",Mother,9765001311,anil.bhat.1311@paramountkasrawad.edu,2025-2026
PAK01312,Amita,Sidhu,12-PEARL,"Anil Menon",Parent,9765001312,anil.menon.1312@paramountkasrawad.edu,2025-2026
PAK01313,Deepak,More,12-PEARL,"Arvind Bhat",Mother,9765001313,arvind.bhat.1313@paramountkasrawad.edu,2025-2026
PAK01314,Rakesh,Malhotra,12-PEARL,"Kavita Desai",Guardian,9765001314,kavita.desai.1314@paramountkasrawad.edu,2025-2026
PAK01315,Sanjay,Menon,12-PEARL,"Deepa Arora",Parent,9765001315,deepa.arora.1315@paramountkasrawad.edu,2025-2026
PAK01316,Kavya,Shah,12-PEARL,"Rajesh Sahu",Parent,9765001316,rajesh.sahu.1316@paramountkasrawad.edu,2025-2026
PAK01317,Tanvi,Menon,12-PEARL,"Kishore Khanna",Parent,9765001317,kishore.khanna.1317@paramountkasrawad.edu,2025-2026
PAK01318,Sanjay,Chopra,12-PEARL,"Satish Bhat",Parent,9765001318,satish.bhat.1318@paramountkasrawad.edu,2025-2026
PAK01319,Lakshmi,Joshi,12-PEARL,"Arvind Desai",Parent,9765001319,arvind.desai.1319@paramountkasrawad.edu,2025-2026
PAK01320,Pooja,Menon,12-PEARL,"Pankaj Reddy",Father,9765001320,pankaj.reddy.1320@paramountkasrawad.edu,2025-2026
PAK01321,Lakshmi,Farooqui,12-PEARL,"Ramesh Upadhyay",Parent,9765001321,ramesh.upadhyay.1321@paramountkasrawad.edu,2025-2026
PAK01322,Waqar,Soni,12-PEARL,"Arvind Chopra",Father,9765001322,arvind.chopra.1322@paramountkasrawad.edu,2025-2026
PAK01323,Farhan,Dhillon,12-PEARL,"Jagdish Reddy",Father,9765001323,jagdish.reddy.1323@paramountkasrawad.edu,2025-2026
PAK01324,Sanjeev,Desai,12-PEARL,"Priya Gupta",Guardian,9765001324,priya.gupta.1324@paramountkasrawad.edu,2025-2026
PAK01325,Omkar,Pillai,12-PEARL,"Jagdish Kapoor",Father,9765001325,jagdish.kapoor.1325@paramountkasrawad.edu,2025-2026
PAK01326,Laxmi,Mehta,12-PEARL,"Arvind Farooqui",Mother,9765001326,arvind.farooqui.1326@paramountkasrawad.edu,2025-2026
PAK01327,Vaishnavi,Gaikwad,12-PEARL,"Umesh Naik",Mother,9765001327,umesh.naik.1327@paramountkasrawad.edu,2025-2026
PAK01328,Qadir,Sharma,12-PEARL,"Meena Koshal",Parent,9765001328,meena.koshal.1328@paramountkasrawad.edu,2025-2026
PAK01329,Uma,Chauhan,12-PEARL,"Rajesh Arora",Guardian,9765001329,rajesh.arora.1329@paramountkasrawad.edu,2025-2026
PAK01330,Ekta,Yadav,12-PEARL,"Jagdish Arora",Father,9765001330,jagdish.arora.1330@paramountkasrawad.edu,2025-2026
